id,domain,status,purchase_price,renewal_price,attractiveness,demand,length,registrar,created_at,expires_at,status_verified_at
ce88515f-5778-4fee-83f5-a017120e9935,warped.tel,premium,10.62,10.62,medium,low,6,namesilo,,,13/09/2026 08:27
a9e4a888-9d46-4743-a8fe-30722c50d90f,related.tel,premium,10.62,10.62,high,low,7,namesilo,,,19/09/2026 12:07
6ba726ce-1250-48ca-8979-29fcfd6a5057,clorox.tel,premium,10.62,10.62,high,low,6,namesilo,,,24/09/2026 15:53
d8a34bf4-61ae-4e91-a8aa-3a982f2ed3ff,amazons.tel,premium,10.62,10.62,medium,low,7,namesilo,,,21/09/2026 05:29
25307741-69b0-4701-8220-8b428d659908,raymond.tel,premium,26,11.7,high,low,7,namecheap,,,25/09/2026 19:12
bf3c2c88-1250-4be2-ba2c-e400062f22e9,career.tel,premium,1300,11.7,high,low,6,namecheap,,,25/09/2026 15:31
d34a1b06-3db1-44ac-8edc-e2c81e09d58b,surging.tel,premium,10.62,10.62,high,low,7,namesilo,,,09/08/2026 21:44
7cad47cd-97cf-4d58-96f9-ce87f35dcd1b,tremendous.tel,premium,10.62,10.62,high,low,10,namesilo,,,17/08/2026 09:48
828559cc-f995-451c-a717-fa5275d964d3,seoul.tel,premium,1221,,high,low,5,name.com,,,
fd20d9c3-7886-4fe8-8c36-1fdfd14f3b11,dispensed.tel,premium,10.62,10.62,medium,low,9,namesilo,,,14/08/2026 11:54
275b537c-4cf9-4bea-ba04-b24bf3095166,pesky.tel,available,,,medium,low,5,,,,
6236941e-41cd-4aaa-b4cd-b8e24f18caf6,sooty.tel,premium,10.62,10.62,medium,low,5,namesilo,,,12/08/2026 13:47
b4e910b2-bb9e-47be-b855-a586246c6292,occluded.tel,premium,10.62,10.62,medium,low,8,namesilo,,,04/09/2026 00:12
181169ef-7712-47a9-a99d-f71b8dc1f70d,erstwhile.tel,premium,10.62,10.62,medium,low,9,namesilo,,,17/08/2026 13:05
72f817fe-1ccd-466c-bb0e-695372be3d56,sexiness.tel,premium,10.62,10.62,high,low,8,namesilo,,,18/09/2026 16:14
e66578c1-77ad-4b07-ab43-876c913b6032,farfetched.tel,premium,10.62,10.62,medium,low,10,namesilo,,,17/08/2026 22:32
e429db4d-b36d-4c2f-a62d-d920dce933c6,alky.tel,premium,24.42,10.99,medium,low,4,name.com,,,
2d152c16-6afb-4c4d-b35c-69e68e23d6bb,hecht.tel,premium,10.62,10.62,high,low,5,namesilo,,,23/09/2026 07:20
1ce4235a-5b15-4d7e-a37e-b52d270e4b3b,wholly.tel,premium,10.62,10.62,high,low,6,namesilo,,,
e911ff21-6043-4bc5-99cc-087ed92cf461,myspace.tel,available,10.79,10.79,high,medium,7,namesilo,,,
eff326e2-ffaa-4500-ae12-74ff17680966,barnum.tel,premium,10.62,10.62,high,low,6,namesilo,,,22/09/2026 06:55
0877f541-110e-4425-b9e8-baffa0959398,unaided.tel,premium,10.62,10.62,medium,low,7,namesilo,,,12/09/2026 00:13
f5459106-d776-451c-8170-fba720147110,legerity.tel,available,,,medium,low,8,,,,17/09/2026 17:50
b355241e-5bed-4f5f-89da-c00e39e501d7,arbitrate.tel,premium,10.62,10.62,high,low,9,namesilo,,,22/08/2026 08:17
60143fb5-f1aa-4613-97cb-9ca8334ad8b8,garish.tel,premium,10.62,10.62,medium,low,6,namesilo,,,18/08/2026 06:35
32c39228-1ac1-4bf4-b2ca-962a8eb2a033,waggish.tel,premium,10.62,10.62,medium,low,7,namesilo,,,13/09/2026 07:38
413bd817-2084-407e-913c-9fcad337802e,ceric.tel,premium,10.62,10.62,medium,low,5,namesilo,,,12/08/2026 00:39
2661e638-dcd3-463f-97c1-45e3c94104e1,irrelevant.tel,premium,10.62,10.62,high,low,10,namesilo,,,25/09/2026 11:28
4e92cb8f-10f2-43ab-b2c6-8c53e3173e61,generals.tel,premium,10.62,10.62,medium,low,8,namesilo,,,18/09/2026 06:44
f8cab8ae-c418-4a4e-9ae7-6f81b5f3fd2a,dislocated.tel,premium,10.62,10.62,medium,low,10,namesilo,,,14/08/2026 11:31
737abd80-6056-4349-9b39-3f63a979b854,yokel.tel,premium,10.62,10.62,medium,low,5,namesilo,,,21/08/2026 08:01
ee33ae21-3eac-46f1-a37c-05e6d6f2a8dc,ramble.tel,premium,10.62,10.62,high,low,6,namesilo,,,10/09/2026 22:10
32287857-564b-4d29-8457-a4488fd41876,arduous.tel,premium,10.62,10.62,high,low,7,namesilo,,,06/08/2026 16:40
1acaa40f-605a-41a5-b18e-53624b6ca839,altace.tel,premium,10.62,10.62,medium,low,6,namesilo,,,18/09/2026 14:31
b85613ea-7d11-4770-9c32-3cc20e6e8e1d,cruciform.tel,premium,10.62,10.62,medium,low,9,namesilo,,,13/08/2026 08:42
e4f703ff-dba7-42f8-956a-8e536a6053d4,trail.tel,premium,10.62,10.62,high,low,5,namesilo,,,25/09/2026 22:13
69767823-4381-4e36-afd8-2b6a14063fe0,sextuple.tel,premium,10.62,10.62,medium,low,8,namesilo,,,10/09/2026 05:19
17c06e28-d6b7-44ab-a672-c735837337f3,pours.tel,premium,10.62,10.62,medium,low,5,namesilo,,,18/09/2026 07:35
95325831-86ff-40c3-840a-82264cf40050,flaring.tel,premium,10.62,10.62,high,low,7,namesilo,,,
f47f4a2c-cd65-44b8-9278-2ebe5a4dd725,struggle.tel,available,10.79,10.79,high,low,8,namesilo,,,
e6ae2b3e-b882-48fb-b3c4-6705a85b4770,expires.tel,premium,10.62,10.62,medium,low,7,namesilo,,,20/09/2026 13:50
2e4e1d5d-812f-4513-87f1-15000d379a0c,luncheon.tel,available,10.79,10.79,high,low,8,namesilo,,,
6d283412-f5ed-4d80-a77a-b0d14db68f89,fleshy.tel,premium,10.62,10.62,medium,low,6,namesilo,,,18/08/2026 08:02
8a0880c9-6a72-48b3-a135-c3ea38e65bdc,bioassay.tel,available,10.98,15.98,medium,low,8,namecheap,,,23/09/2026 17:38
350719a4-cb1d-46c7-bb57-990b7186770c,congruent.tel,premium,10.62,10.62,high,low,9,namesilo,,,12/08/2026 21:57
d5a21215-e4ff-48b2-9ce1-705c288e38d8,moisture.tel,premium,10.62,10.62,high,low,8,namesilo,,,13/09/2026 11:06
80ccf896-027d-444e-a776-1ebb3a21635d,panty.tel,premium,10.62,10.62,high,low,5,namesilo,,,09/09/2026 22:42
06f9535d-dfc3-442f-922e-7b13beacc6a3,exterior.tel,available,10.98,15.98,high,low,8,namecheap,,,17/08/2026 19:05
32424614-515e-4212-af24-3c3f924b507f,coil.tel,premium,26,11.7,high,low,4,namecheap,,,10/09/2026 15:52
2632881a-4328-4b8d-a3d2-2bd767a0f56e,broom.tel,available,10.98,15.98,high,low,5,namecheap,,,24/09/2026 10:47
c08ff49a-4dcd-4398-9d7a-1054fb1dd1cd,concisely.tel,premium,10.62,10.62,medium,low,9,namesilo,,,14/09/2026 08:10
cc41b3ff-90a0-4572-a562-54855913794a,waxed.tel,premium,10.62,10.62,high,low,5,namesilo,,,13/09/2026 08:40
aaec7e84-6dd5-4358-84df-2d52af561430,indanger.tel,available,10.79,10.79,medium,low,9,namesilo,,,
b4b64074-bf68-45f5-b46f-1465e63f159e,ever.tel,premium,24.42,,high,medium,4,name.com,,,
1e742c5c-5813-45b7-8478-80935a09557b,diffident.tel,premium,10.62,10.62,medium,low,9,namesilo,,,14/08/2026 07:01
292e69d7-e158-4164-b8aa-4c2ccdf833b4,jewelry.tel,premium,1221,,high,low,7,name.com,,,
27f7c67a-5d24-4fda-a95f-013429bc1c31,hierarchic.tel,premium,10.62,10.62,medium,low,10,namesilo,,,21/08/2026 08:20
803d4d9e-6ea1-4d97-adc2-dbbad5086e1e,winfred.tel,premium,26,11.7,medium,low,7,namecheap,,,19/09/2026 19:23
cca5464b-b2f3-4dc7-b7d2-64b9356e087f,fruitful.tel,premium,10.62,10.62,high,low,8,namesilo,,,18/08/2026 17:02
842acb70-ba19-4453-8336-3e2983a87835,egoistic.tel,available,10.98,15.98,medium,low,8,namecheap,,,15/08/2026 18:54
7436ef83-f963-43b4-b24d-8f0c3ec84634,fuzzed.tel,available,10.98,15.98,medium,low,6,namecheap,,,18/08/2026 19:20
11e0ac27-913e-4bc5-b9bf-1c6876a4da44,unrested.tel,available,10.98,15.98,medium,low,8,namecheap,,,12/09/2026 18:02
2a4d437a-8dd9-4789-812d-18f5af6c9010,academe.tel,available,10.98,15.98,high,low,7,namecheap,,,16/09/2026 20:22
afd5fed4-0b0b-4e4c-a8cb-adeadea8bc63,amenity.tel,available,10.98,15.98,high,low,7,namecheap,,,17/09/2026 19:17
3544c5ef-be02-4f83-a25f-6cdee16f39fd,ann.tel,premium,610.5,,high,low,3,name.com,,,
703d2c62-5771-4deb-8677-4a24bdaff6b2,lathery.tel,premium,10.62,10.62,medium,low,7,namesilo,,,22/08/2026 20:36
3f9cdb8b-a71c-427e-a54a-c7f715b0b24d,bygone.tel,premium,10.62,10.62,medium,low,6,namesilo,,,11/08/2026 12:06
a654273a-3780-42ac-967e-30cc7be9e4aa,gracious.tel,premium,10.62,10.62,high,low,8,namesilo,,,24/09/2026 00:42
b20f6317-b56c-4833-b386-9b4080688e0c,oblique.tel,premium,10.62,10.62,high,low,7,namesilo,,,14/08/2026 05:11
9a4bd3d0-a05f-422d-aab5-ac4b9f55e7c5,currawong.tel,premium,10.62,10.62,high,low,9,namesilo,,,23/09/2026 05:33
f112d2a6-428a-4bac-8744-deb7fa39e167,bipartisan.tel,available,10.98,15.98,high,low,10,namecheap,,,10/08/2026 04:32
d80f3676-1fa7-444f-993d-fe9966b365c2,armchair.tel,premium,10.62,10.62,high,low,8,namesilo,,,20/09/2026 06:33
03749603-7d3c-4229-ba6e-36de7a8a070e,unstudied.tel,premium,10.62,10.62,medium,low,9,namesilo,,,12/09/2026 06:07
43f50d16-5ba0-4d9f-b08d-2135691e9102,stripy.tel,premium,10.62,10.62,medium,low,6,namesilo,,,10/09/2026 22:46
83c54394-8f8b-4ad8-a4ac-ca12fdab93c0,cultured.tel,premium,10.62,10.62,high,low,8,namesilo,,,08/09/2026 09:18
c47f7226-b81f-4f83-8e8f-34142f26deb3,poof.tel,premium,26,11.7,medium,low,4,namecheap,,,09/09/2026 08:09
69832415-e356-475e-aa71-a7133c2dd508,virginal.tel,premium,10.62,10.62,high,low,8,namesilo,,,13/09/2026 05:57
1470cd46-be7d-4df1-b84f-e5721a81a393,burst.tel,premium,10.62,10.62,high,low,5,namesilo,,,24/09/2026 10:35
44f889eb-d8d5-48bb-ab3b-a282781123ff,whereabouts.tel,available,10.99,,high,low,11,name.com,,,
c68caf59-0e15-4a0f-8d47-0745714d65b3,desolation.tel,premium,10.62,10.62,medium,low,10,namesilo,,,22/09/2026 05:24
a1768506-c76b-4925-8b64-9a44d4673458,burberry.tel,premium,10.62,10.62,high,medium,8,namesilo,,,24/09/2026 11:17
c3f08344-8966-4fdb-9261-9abe617c8f28,bivalve.tel,premium,10.62,10.62,high,low,7,namesilo,,,10/08/2026 09:09
7d6abbea-d70d-4e29-aef8-2afe402c9266,lashings.tel,premium,10.62,10.62,high,low,8,namesilo,,,14/09/2026 23:38
cb62f896-1361-4ea2-b75a-4b90a0cb0615,bounded.tel,premium,10.62,10.62,high,low,7,namesilo,,,10/08/2026 21:52
8158b0ba-d3af-42c7-b592-c5128a33217f,seconded.tel,premium,10.62,10.62,medium,low,8,namesilo,,,20/09/2026 15:37
742dba4e-7727-4344-86d7-1f3d55c49fc4,theorise.tel,available,10.98,15.98,high,low,8,namecheap,,,24/09/2026 17:20
3a8e3c7c-1a8f-45b5-a218-979223b6ca2e,communally.tel,premium,10.62,10.62,medium,low,10,namesilo,,,14/09/2026 07:33
debf0222-b64f-4f66-919e-7db8d77f562d,mousy.tel,premium,10.62,10.62,medium,low,5,namesilo,,,25/08/2026 08:42
446b4a6b-422b-483a-8ce1-07ceb0b6ffb6,psalms.tel,premium,10.62,10.62,high,low,6,namesilo,,,24/09/2026 07:04
3d998703-fd04-4989-ae09-da1091cb014f,southeast.tel,premium,130,11.7,high,medium,9,namecheap,,,10/09/2026 14:50
fa72f740-821b-4606-b0b9-4ea8e8b620d9,credal.tel,premium,10.62,10.62,medium,low,6,namesilo,,,13/08/2026 05:52
0a8b3c35-5e3b-4a96-8615-c0d76ca8d99c,adequate.tel,available,10.98,15.98,high,low,8,namecheap,,,21/09/2026 18:22
6c5cd630-fe62-4197-914a-136e7d7504e0,genial.tel,premium,10.62,10.62,high,low,6,namesilo,,,21/09/2026 21:42
968ea84f-bc42-438c-bf04-d39b070ad288,waited.tel,premium,10.62,10.62,medium,low,6,namesilo,,,18/09/2026 01:45
4c87eb15-93f3-451c-8952-ab8ea1b19cc7,flattened.tel,premium,10.62,10.62,medium,low,9,namesilo,,,18/08/2026 06:55
aaa834d8-2eb2-4aaa-89e1-715f0df05cdb,lumbar.tel,premium,10.62,10.62,high,low,6,namesilo,,,24/08/2026 11:06
517b929e-0336-46a2-aed7-f3fe850affcc,nacreous.tel,premium,10.62,10.62,medium,low,8,namesilo,,,03/09/2026 12:37
26415f74-c08b-469e-b515-00b87de2ed28,altimeter.tel,premium,10.62,10.62,medium,low,9,namesilo,,,18/09/2026 14:58
274e1240-06a9-41b3-9f44-4edfd079d33d,mighty.tel,premium,10.62,10.62,high,low,6,namesilo,,,24/08/2026 22:43
96890ec6-861a-4455-b9e3-9609d5513365,phoebe.tel,premium,24.42,10.99,medium,low,6,name.com,,,
4168fa3c-4e9c-4048-9bc1-10ce0e78d9ae,involves.tel,available,10.98,15.98,medium,low,8,namecheap,,,19/09/2026 23:56
877a83e8-22a4-4cf5-905e-5a9eaeb561ac,acetyl.tel,premium,10.62,10.62,medium,low,6,namesilo,,,17/09/2026 00:19
433d3a6c-345d-4e63-acd7-311ed753920b,talisman.tel,available,10.98,15.98,high,low,8,namecheap,,,19/09/2026 00:12
fc3cbf30-85f0-4cf2-92c1-81eb2d4677ba,civilization.tel,available,10.98,15.98,high,low,12,namecheap,,,27/09/2026 07:12
865e783f-bc42-44a6-b44e-579eb136d574,seventy.tel,premium,10.62,10.62,high,low,7,namesilo,,,
eb36696d-25d6-4a5c-bbaa-93d866991bb6,dampish.tel,available,10.99,10.99,medium,low,7,name.com,,,13/08/2026 16:41
6fca1199-e267-4931-a962-b8c4f23b9d80,cloistered.tel,premium,10.62,10.62,medium,low,10,namesilo,,,12/08/2026 11:48
015b8149-9caa-47b3-bb4e-cba52f6a96e4,thematic.tel,premium,10.62,10.62,high,low,8,namesilo,,,11/09/2026 12:43
30b6d57a-2ea5-45b4-b34d-9015e41d72a7,athar.tel,available,10.98,15.98,high,low,5,namecheap,,,20/09/2026 19:25
94e3cb22-d5ae-4e4d-807b-9fb3d45bd408,antiquated.tel,premium,10.62,10.62,medium,low,10,namesilo,,,
a7420d81-b544-4bc8-80f9-baddcb9e80dc,pearls.tel,premium,10.62,10.62,high,low,6,namesilo,,,23/09/2026 09:03
f4160df4-12d5-45ed-92f6-b371f8980b78,azonal.tel,premium,10.62,10.62,medium,low,6,namesilo,,,08/08/2026 02:27
39f30f57-df61-4f06-a8d3-8f4d1fa5997a,canola.tel,premium,10.62,10.62,high,low,6,namesilo,,,24/09/2026 12:06
8a530ca5-6858-480f-9396-faa28b90840c,zoonotic.tel,premium,10.62,10.62,medium,low,8,namesilo,,,13/09/2026 15:35
9549102e-ff5c-478f-96a7-6ee5c4c393f2,advertisements.tel,available,10.99,,medium,low,14,name.com,,,
2fda839d-d1ad-46c4-ba2d-6953cee23a9f,campfire.tel,premium,10.62,10.62,high,low,8,namesilo,,,24/09/2026 11:54
8b10d840-57d8-4c41-9610-20b9bcc96114,manful.tel,premium,10.62,10.62,medium,low,6,namesilo,,,24/08/2026 14:46
0f5abf1b-29eb-401f-95d2-6e0d8c7b5a04,anaconda.tel,premium,10.62,10.62,high,medium,8,namesilo,,,19/09/2026 01:07
4dfcaa2a-4efa-4220-b079-3119912ce5d8,erik.tel,premium,26,11.7,high,low,4,namecheap,,,25/09/2026 14:19
1f347011-3b19-4f5a-b567-e755b3f19d44,projected.tel,premium,10.62,10.62,high,low,9,namesilo,,,22/08/2026 14:46
d9d560c8-f146-4fe1-ba0d-b78aee014059,byword.tel,premium,10.62,10.62,medium,low,6,namesilo,,,17/09/2026 06:09
fb3da0ab-0b68-4192-928b-76d13c1fd8c6,ongoing.tel,premium,10.62,10.62,high,low,7,namesilo,,,04/09/2026 13:59
cb34ce46-fe85-4f30-ad4f-30cca5d860b2,shavian.tel,premium,10.62,10.62,high,medium,7,namesilo,,,10/09/2026 06:09
2e614f6c-8219-402a-86f5-70b09a59e44b,joey.tel,premium,26,11.7,high,low,4,namecheap,,,25/09/2026 11:16
37c43c01-c8d4-4983-8b59-2e709d4f8fb2,akvavit.tel,premium,10.62,10.62,medium,low,7,namesilo,,,18/09/2026 00:17
6d810135-f432-4919-9f7f-04b825ec44df,helmholtz.tel,available,10.98,15.98,high,low,9,namecheap,,,22/09/2026 07:07
efa33e66-44c5-496e-ac28-bc5762605121,chancy.tel,premium,10.62,10.62,medium,low,6,namesilo,,,12/08/2026 01:41
fc586119-7cbc-49b2-9155-b3f58f67a5f8,disappeared.tel,available,10.98,15.98,medium,low,11,namecheap,,,25/09/2026 18:22
50952c6e-957c-4a49-af48-3aa24aa0327b,singly.tel,premium,10.62,10.62,medium,low,6,namesilo,,,15/09/2026 08:03
c9dcf50f-8214-4401-9e24-734493260cf8,film.tel,resell,,,high,medium,4,Dynadot Inc,16/02/2026 14:06,16/02/2027 14:06,26/09/2026 06:04
8efdd587-6777-48bc-9752-e95446748874,alidad.tel,premium,10.62,10.62,medium,low,6,namesilo,,,18/09/2026 07:31
0399706e-4afb-42a2-a19e-ce18b018f380,democratic.tel,premium,10.62,10.62,high,low,10,namesilo,,,24/09/2026 05:46
5a8116ef-d084-497a-964a-8b0f9a604fef,chessman.tel,available,10.98,15.98,medium,low,8,namecheap,,,24/09/2026 14:20
bd887528-89ca-4839-ab84-357b41308db2,ironlike.tel,premium,10.62,10.62,medium,low,8,namesilo,,,22/08/2026 10:10
4323c785-da70-497f-be18-3cd5b4988fd2,auroral.tel,premium,10.62,10.62,high,low,7,namesilo,,,22/09/2026 13:08
4c1aee10-a85f-4e36-b417-4afddd127f83,cocksure.tel,premium,10.62,10.62,medium,low,8,namesilo,,,12/08/2026 15:00
0d8c8cb5-23e7-45f5-8ec5-a6d73b56d561,channels.tel,premium,1221,,high,low,8,name.com,,,
ac301e00-6354-47ea-96b4-b20a47c2f70a,blackmailing.tel,available,10.79,10.79,medium,low,12,namesilo,,,
2541d8aa-2ef1-4a30-9476-ce79376e4211,volition.tel,premium,10.62,10.62,high,low,8,namesilo,,,13/09/2026 12:00
e863e5b5-4558-432d-89b3-b44d9102cc93,fluent.tel,premium,10.62,10.62,high,low,6,namesilo,,,16/08/2026 06:17
179954ee-c893-4765-a51e-bc35b75d58b5,apogamy.tel,available,10.98,15.98,medium,low,7,namecheap,,,19/09/2026 18:27
3d2fbeed-f3d8-4922-a019-467b1754cc4d,sully.tel,premium,10.62,10.62,medium,low,5,namesilo,,,24/08/2026 12:51
6ee9a5a7-94d7-4d05-8ad5-b25c317031b8,acousma.tel,premium,10.62,10.62,medium,low,7,namesilo,,,17/09/2026 02:29
e2baa6df-dfab-4365-9983-bba4e4f969bc,elevator.tel,premium,10.62,10.62,high,low,8,namesilo,,,25/09/2026 05:22
a8357218-a63c-4dfa-a821-bd9fa9875373,rhomboid.tel,premium,10.62,10.62,medium,low,8,namesilo,,,09/09/2026 16:47
9a404fbc-a201-44f5-b8e3-995afc95cb79,jointed.tel,premium,10.62,10.62,medium,low,7,namesilo,,,22/08/2026 13:44
3b9b16b4-b03b-4c94-b48a-a77de2cad6a3,anorgasmia.tel,available,10.98,15.98,medium,low,10,namecheap,,,19/09/2026 11:47
7228d3ae-9ed3-44d5-9306-5743750463c2,evitable.tel,premium,10.62,10.62,medium,low,8,namesilo,,,07/08/2026 22:45
6300a91f-70b2-4b04-bd28-f21abc52009b,resolved.tel,premium,10.62,10.62,high,low,8,namesilo,,,27/09/2026 12:25
2c8517bf-ffea-4ab3-8f56-fa33a512c01b,binoculars.tel,premium,10.62,10.62,high,low,10,namesilo,,,23/09/2026 17:37
cf80c7d8-a077-4282-b1b8-8f2040806ce0,unpolished.tel,premium,10.62,10.62,medium,low,10,namesilo,,,18/08/2026 20:45
a8fe2e11-dceb-408d-9ca4-e3e767fd4a24,carolean.tel,available,10.98,15.98,medium,low,8,namecheap,,,11/08/2026 19:31
121f0ad6-17f2-4966-9e79-047d0eace58c,farther.tel,premium,10.62,10.62,high,low,7,namesilo,,,24/09/2026 17:01
9f6a453a-c705-440b-98c4-7468113fc7b6,ruthful.tel,premium,10.62,10.62,medium,low,7,namesilo,,,12/08/2026 23:40
b7d477da-b484-4545-98be-067fad95a16e,backspin.tel,premium,10.62,10.62,high,low,8,namesilo,,,21/09/2026 16:02
cfa0221d-122f-4268-8bab-9e896c73b600,meaty.tel,premium,10.62,10.62,high,low,5,namesilo,,,24/08/2026 18:35
5184be60-14dd-47a9-a2a9-25355641cfae,diligent.tel,premium,10.62,10.62,high,low,8,namesilo,,,24/09/2026 08:25
a55b8ce0-cdbb-49f9-922a-24bf6491f2f3,agonizing.tel,premium,10.62,10.62,high,low,9,namesilo,,,
6e72c2ca-69b8-433b-a616-e0c7be29068d,incentive.tel,available,10.79,10.79,high,low,9,namesilo,,,
5c1a4383-f931-4ac0-a99a-e5a8e0d91154,clashing.tel,premium,10.62,10.62,medium,low,8,namesilo,,,12/08/2026 09:40
1208340c-652c-4056-a533-8c147469bf2b,rutgers.tel,available,10.98,15.98,high,low,7,namecheap,,,25/09/2026 20:41
dc469c72-b737-4403-aca6-ee3bf384a5d6,graciously.tel,premium,10.62,10.62,high,low,10,namesilo,,,14/09/2026 21:58
5a573f50-8137-47de-a883-b107f8d97994,revolting.tel,premium,10.62,10.62,medium,low,9,namesilo,,,14/08/2026 10:45
13a9aa7f-b91c-49d6-bcda-005b57fdc3e7,beano.tel,available,10.98,15.98,high,low,5,namecheap,,,22/09/2026 20:40
c4de9f09-4417-4b95-be2f-646dc64ae34e,slippery.tel,premium,10.62,10.62,medium,low,8,namesilo,,,10/09/2026 11:01
46e4ae21-d655-4241-aa7c-0ce79f434ecd,tearful.tel,premium,10.62,10.62,medium,low,7,namesilo,,,14/08/2026 15:35
557e17c4-1c2e-41f1-bcc2-6a17ac30bdf3,aerial.tel,premium,10.62,10.62,high,low,6,namesilo,,,
4696a15a-3aba-42a5-b419-3568558eeb22,crackpot.tel,premium,10.62,10.62,medium,low,8,namesilo,,,10/09/2026 00:10
51c6e218-34d9-4964-9084-b507fb5a345f,finite.tel,premium,10.62,10.62,high,low,6,namesilo,,,18/08/2026 05:02
a972db63-cce5-420c-9673-229121df611d,animation.tel,premium,10.62,10.62,high,low,9,namesilo,,,18/09/2026 08:09
aa4bbbb4-7060-40c2-955e-17788ebda4a2,investors.tel,resell,,,high,low,9,"GoDaddy.com, LLC",03/02/2009 17:38,22/03/2027 23:59,26/09/2026 06:56
ce1bd118-6f9c-4640-ab7a-9711e21879c6,toy.tel,premium,610.5,,high,low,3,name.com,,,
2273bd30-c1a4-48a3-9138-afa0190e88cc,commercially.tel,available,10.99,,medium,low,12,name.com,,,
490d7092-5213-4302-9b32-c58055a75085,sensually.tel,premium,10.62,10.62,medium,low,9,namesilo,,,16/09/2026 00:58
c81f69fb-e988-4cb0-8b8a-e8e88371554e,gail.tel,premium,24.42,,high,low,4,name.com,,,
ee680b70-b776-4625-a50e-29fa3fc9c306,gooey.tel,premium,10.62,10.62,high,low,5,namesilo,,,20/08/2026 16:53
5b70168c-4547-4a27-8b62-cfdb86722567,colorize.tel,premium,10.62,10.62,medium,low,8,namesilo,,,12/08/2026 17:34
cefa6260-6140-4af4-a0a7-6e66596b1035,avionics.tel,premium,10.62,10.62,high,low,8,namesilo,,,21/09/2026 09:35
3f48bc26-487c-4602-a1c8-87c36d785b52,exchanged.tel,premium,10.62,10.62,high,low,9,namesilo,,,17/08/2026 16:20
13fc71f3-5414-4ba4-b643-9971b7170602,pneumatic.tel,premium,10.62,10.62,high,low,9,namesilo,,,08/09/2026 22:06
774e554c-9ebf-4768-a91d-6b84c5d2f7ca,prostrate.tel,premium,10.62,10.62,high,low,9,namesilo,,,09/09/2026 03:57
a9de5e51-5335-488c-8953-0d27896711ef,yobbo.tel,premium,10.62,10.62,medium,low,5,namesilo,,,11/08/2026 08:50
453ac619-6490-43f8-8c81-914795c6f580,lifelessly.tel,available,10.99,10.99,low,low,10,name.com,,,13/08/2026 19:35
ec994918-8e0e-4156-90fa-86d234ee640b,walkaway.tel,premium,10.62,10.62,medium,low,8,namesilo,,,09/09/2026 19:32
c3416355-4cc0-4e42-aab4-06864f30911c,limpid.tel,premium,10.62,10.62,high,low,6,namesilo,,,13/08/2026 09:41
e4a9d4bf-fabd-492e-8011-168532fb1c2b,secondary.tel,available,10.98,15.98,high,low,9,namecheap,,,25/09/2026 12:14
7e497be1-a9bd-44c3-ae9d-56ee3d3cbb7e,sending.tel,premium,10.62,10.62,high,low,7,namesilo,,,25/09/2026 10:37
e5f1bf3d-6d32-4a99-9229-4db1a1e0ca75,tragicomic.tel,premium,10.62,10.62,medium,low,10,namesilo,,,11/09/2026 18:46
237a75c7-df69-4a2c-9eda-6c58a7338ce6,paschal.tel,premium,10.62,10.62,medium,low,7,namesilo,,,08/09/2026 02:20
7c06da14-4c4c-4005-b872-88638400afce,coveted.tel,premium,10.62,10.62,high,low,7,namesilo,,,24/09/2026 00:56
c7369b27-3050-43e9-9c85-ea8fe0876baa,seedless.tel,premium,10.62,10.62,high,low,8,namesilo,,,10/09/2026 01:45
75be00c0-1a34-48ac-a83c-259c9cf35587,pernickety.tel,available,10.98,15.98,medium,low,10,namecheap,,,08/09/2026 17:52
76e1664a-0806-45d1-8eac-6f14f789a209,chinquapin.tel,premium,10.62,10.62,medium,low,10,namesilo,,,18/09/2026 10:57
144ca033-d0b0-4c3e-b238-ac5fdccebc36,surveillance.tel,premium,10.62,10.62,high,low,12,namesilo,,,27/09/2026 08:40
2ee4fcff-8c59-49df-b3c7-f1d9d29437db,brad.tel,premium,24.42,10.99,high,low,4,name.com,,,24/09/2026 07:52
c9ef54e1-d0a9-4c98-869f-433a3af463e1,wiring.tel,available,10.79,10.79,high,low,6,namesilo,,,
4f705b0f-8c03-4fbc-8781-b148248640b9,mackay.tel,available,10.98,15.98,high,low,6,namecheap,,,25/09/2026 16:20
d19dec19-33bf-444c-a636-ddb783705caf,compact.tel,premium,10.62,10.62,high,low,7,namesilo,,,23/09/2026 16:18
dd4db319-5b6e-417c-862f-ec262200efb9,beguine.tel,premium,10.62,10.62,medium,low,7,namesilo,,,23/09/2026 02:59
89b00a88-f7c6-4967-b641-7c779b6499c3,intimal.tel,premium,10.62,10.62,medium,low,7,namesilo,,,22/08/2026 08:28
33bc4eab-2a18-4568-945f-3c1084562b20,distinguished.tel,available,10.79,10.79,high,low,13,namesilo,,,
9d1b5ee0-d4e1-4584-a547-3113212453a5,differences.tel,premium,10.62,10.62,medium,low,11,namesilo,,,17/09/2026 14:00
10bdce15-bb03-4950-b846-ec059d3b5b1f,arrivals.tel,premium,10.62,10.62,medium,low,8,namesilo,,,21/09/2026 01:02
75fbc83c-a41a-4ace-9087-c91c58dfc057,demeanor.tel,premium,10.62,10.62,high,low,8,namesilo,,,24/09/2026 21:47
7d52def7-ea4e-4379-92bd-8a8d3125f19d,instep.tel,premium,10.62,10.62,high,low,7,namesilo,,,16/09/2026 14:59
7748127e-45c1-4c88-89f4-2dbba5c4f656,upper.tel,available,10.79,10.79,high,low,5,namesilo,,,
fef21572-a1bf-4d44-9a0d-cf79b6f34af5,aweigh.tel,premium,10.62,10.62,low,low,6,namesilo,,,07/08/2026 14:29
afe3f41e-070b-47f6-9e06-2d488b2ef233,rings.tel,premium,10.62,10.62,high,low,5,namesilo,,,25/09/2026 10:24
e416a924-d41b-4236-93a8-18afed6005a6,usda.tel,premium,26,11.7,high,low,4,namecheap,,,17/09/2026 19:25
d3d2279d-01b8-4083-972f-bd18df3e33e7,unusable.tel,premium,10.62,10.62,medium,low,8,namesilo,,,12/09/2026 21:58
7a751bfc-f561-4a55-bf38-b0f765f4af7b,woodstock.tel,available,10.98,15.98,high,low,9,namecheap,,,25/09/2026 21:23
629c8f9d-69ae-4da6-a9ca-d3f36b0517b6,thereafter.tel,premium,10.62,10.62,high,low,10,namesilo,,,16/09/2026 08:38
16d87d45-3406-4a33-8575-3c12d3738494,aboral.tel,premium,10.62,10.62,medium,low,6,namesilo,,,
693e554e-bd5c-4f93-9177-2e946e171e6c,outrageous.tel,premium,10.62,10.62,high,low,10,namesilo,,,17/08/2026 17:38
29a823a0-11a6-4d4f-849b-5f68ddbfd81b,earthly.tel,premium,10.62,10.62,high,low,7,namesilo,,,14/08/2026 22:42
2a1aaef7-1945-4e3f-bfbc-f844a7438757,hauteur.tel,available,10.98,15.98,medium,low,7,namecheap,,,20/09/2026 09:20
8f65b754-9c3b-4495-8211-e73f231e6836,closest.tel,available,10.79,10.79,high,low,7,namesilo,,,
ec82f5a8-4667-4c94-9011-29b157a4b38d,exhibition.tel,available,10.79,10.79,high,low,10,namesilo,,,
d8226eb9-f25b-4c6f-9de2-c67d3d0f6e34,conflict.tel,available,10.98,15.98,high,low,8,namecheap,,,22/09/2026 14:40
68faed30-8da1-494f-a1ad-d8bbadd0de93,birdhouse.tel,available,10.98,15.98,high,low,9,namecheap,,,23/09/2026 20:39
93417be6-1788-4c79-b75b-754ce635933e,divinity.tel,available,10.98,15.98,high,low,8,namecheap,,,24/09/2026 21:26
cc8d0c5f-5086-4051-825c-e1e201a7d219,amusingly.tel,premium,10.62,10.62,medium,low,9,namesilo,,,13/09/2026 19:40
74cd4df3-f352-4a9d-b54a-78360d82c587,colorfast.tel,available,10.98,15.98,medium,low,9,namecheap,,,12/08/2026 17:50
bd611bc8-6d72-4b38-bf94-9122f000cff6,baritone.tel,premium,10.62,10.62,medium,low,8,namesilo,,,08/08/2026 19:36
eef6c304-e774-4e68-bc3c-5fd383f7a189,wanting.tel,available,10.79,10.79,high,low,7,namesilo,,,
af8165df-e69a-4d32-bd43-38f69a42881c,trifid.tel,premium,10.62,10.62,medium,low,6,namesilo,,,11/09/2026 19:33
5259c7b9-0459-4bbc-bddc-646a83eace06,scientist.tel,premium,10.62,10.62,high,low,9,namesilo,,,25/09/2026 04:30
3aac2c32-fe9b-4601-b65c-ac022fce7055,picture.tel,premium,10.62,10.62,high,low,7,namesilo,,,24/09/2026 16:54
e3ae013c-4ef3-45da-bc68-f8d452a04e8e,willow.tel,premium,24.42,,high,low,6,name.com,,,
6b3d7f49-ec19-4b26-a9f8-bd9ef3411424,destinies.tel,available,10.98,15.98,high,low,9,namecheap,,,20/09/2026 07:12
fe8de273-f523-485f-aa2e-a89351f4cba0,semitropic.tel,premium,10.62,10.62,medium,low,10,namesilo,,,10/09/2026 03:36
4792f91e-caa3-4313-9321-ec14eb922d08,academism.tel,available,10.99,10.99,medium,low,9,name.com,,,16/09/2026 20:23
9a81ec13-24c1-40e7-a5f9-5eb135e4b28f,arugula.tel,premium,10.62,10.62,high,low,7,namesilo,,,20/09/2026 12:10
d333092d-8220-47d6-a914-500478ea501b,petitioner.tel,premium,10.62,10.62,medium,low,10,namesilo,,,11/09/2026 03:30
8cc2a062-1383-4c50-8604-277f5e6d67be,song.tel,resell,,,high,low,4,Dynadot Inc,03/02/2026 13:34,03/02/2027 13:34,26/09/2026 09:09
905f259f-dc8a-448b-85b7-9964ce722f20,turgid.tel,available,10.98,15.98,medium,low,6,namecheap,,,10/08/2026 18:07
555298fe-3a5b-4020-a566-f3e493e31ab8,arere.tel,premium,10.62,10.62,medium,low,5,namesilo,,,20/09/2026 03:56
7f4a2d8f-2173-489e-9d5b-56453093a4ce,samples.tel,available,10.99,10.99,high,low,7,name.com,,,20/09/2026 18:39
c3b9acb5-3783-46a7-9a47-12be9c2fa229,aspherical.tel,premium,10.62,10.62,medium,low,10,namesilo,,,07/08/2026 04:57
deb22205-6b4d-4740-bcf5-b21a5b73378f,looted.tel,premium,10.62,10.62,medium,low,6,namesilo,,,24/08/2026 09:45
9dcaaf4b-5e2e-4e7f-8b5a-8fce3153e40c,cavernous.tel,premium,10.62,10.62,medium,low,9,namesilo,,,11/08/2026 22:51
14f9abc6-2c26-4db3-ae45-91c3e65f0b96,cows.tel,premium,24.42,,high,low,4,name.com,,,
3a29e1bb-6a28-4bc7-8648-8c78dc64bed8,vales.tel,premium,10.62,10.62,medium,low,5,namesilo,,,21/09/2026 02:12
df20e579-3178-47bc-9015-f170de7c03ef,assault.tel,available,10.98,15.98,high,low,7,namecheap,,,20/09/2026 15:48
9722c363-eb99-4bb2-a8f5-6179f7051e30,catkinate.tel,premium,10.62,10.62,medium,low,9,namesilo,,,11/08/2026 22:09
0b147e7e-02be-41ff-acdb-632c98aceb84,aconitum.tel,available,10.98,15.98,medium,low,8,namecheap,,,17/09/2026 02:06
818394bd-a626-48a3-a0d8-1879270fdc0d,chordal.tel,premium,10.62,10.62,medium,low,7,namesilo,,,12/08/2026 07:06
a8eae69c-0372-4eef-a66e-dbd700897350,painter.tel,resell,,,high,low,7,,,,27/09/2026 12:44
3d1a532f-0616-4a3b-bfc0-bc9f1ab04638,dismal.tel,premium,10.62,10.62,medium,low,6,namesilo,,,14/08/2026 11:38
035c14c7-e9f4-4678-b830-d4ad056ebede,alternatively.tel,premium,10.62,10.62,medium,low,13,namesilo,,,16/09/2026 12:44
ef972e62-a848-40b2-8139-5386a59277c9,critique.tel,available,10.99,,high,low,8,name.com,,,
2846aec1-8ca3-4ed9-8605-949d4eeb8e76,hysteric.tel,premium,10.62,10.62,medium,low,8,namesilo,,,21/08/2026 17:20
c31de0f3-5176-40cc-872f-b97b5037a1c7,synonymous.tel,premium,10.62,10.62,high,low,10,namesilo,,,11/09/2026 06:31
37308527-481e-4253-a65a-906d2e1ebb58,statuary.tel,available,10.98,15.98,medium,low,8,namecheap,,,10/09/2026 19:16
7459ebe6-c83d-4b13-a442-815bc74ddd0d,introductions.tel,premium,10.62,10.62,medium,low,13,namesilo,,,20/09/2026 22:09
d056e012-6193-4c78-a587-e4556e5ab68c,copesetic.tel,premium,10.62,10.62,medium,low,9,namesilo,,,13/08/2026 00:22
13c2b495-ab6b-46b5-9fa2-7ec73a6704c5,travis.tel,premium,10.62,10.62,high,low,6,namesilo,,,25/09/2026 13:01
aea745df-a528-4943-b34e-92a603b21b4a,ornate.tel,available,10.98,15.98,high,low,6,namecheap,,,04/09/2026 17:59
8456db16-be49-4ed2-b573-d256433dc7ff,mirish.tel,premium,10.62,10.62,medium,low,6,namesilo,,,16/09/2026 16:36
cfa5f83b-9944-4e9c-b5da-daa15eb43748,holdup.tel,available,10.98,15.98,medium,low,6,namecheap,,,20/09/2026 06:37
174f1c03-3bc8-4144-944d-5d3512c39b0b,forests.tel,premium,10.62,10.62,medium,low,7,namesilo,,,18/09/2026 06:04
2c9e473e-f218-4e44-9e69-ce4d8455503d,nike.tel,premium,24.42,,high,high,4,name.com,,,
224d0911-0e0b-4ff5-8220-b6c349db9306,clubby.tel,premium,10.62,10.62,high,low,6,namesilo,,,12/08/2026 11:19
7b42b660-bbde-4346-a128-389f3af9a25b,judges.tel,available,10.99,,high,low,6,name.com,,,
d8d37c42-b3da-441f-890d-61438c0fa73c,goofproof.tel,premium,10.62,10.62,high,low,9,namesilo,,,18/08/2026 10:41
db4eeb3b-113a-4361-bfaf-d1f0991df02b,prate.tel,premium,10.62,10.62,medium,low,5,namesilo,,,23/09/2026 23:29
dd61ace2-ddff-4dcb-aac8-02384a5aaaba,creaky.tel,premium,10.62,10.62,medium,low,6,namesilo,,,06/08/2026 22:59
ef669a1a-154b-4dbe-be33-4427144d702f,ribbed.tel,premium,10.62,10.62,medium,low,6,namesilo,,,13/08/2026 03:08
64c52bd7-41d9-4c17-89eb-82ee4c0e7809,serially.tel,premium,10.62,10.62,medium,low,8,namesilo,,,16/09/2026 01:08
97d07e05-2c0b-4939-94ad-63874784fbbc,deception.tel,premium,10.62,10.62,high,low,9,namesilo,,,24/09/2026 17:22
e7dbb553-37f9-4783-abc3-170f12a4b3e6,securing.tel,available,10.79,10.79,medium,low,8,namesilo,,,
893742cd-1934-4bba-917f-4632f75945c2,lenten.tel,premium,10.62,10.62,medium,low,6,namesilo,,,22/08/2026 23:48
0ea90dfd-a500-42fc-acf5-d82694163e38,ambulances.tel,available,10.98,15.98,medium,low,10,namecheap,,,21/09/2026 07:02
ee9f1e41-221f-4848-a1df-7c5778cdad3b,septenary.tel,premium,10.62,10.62,medium,low,9,namesilo,,,
e9d014dd-aa41-439d-8c8e-f1f10c3bded6,exhaust.tel,available,10.79,10.79,high,low,7,namesilo,,,
52f8656e-6560-40cf-a413-86895da646e8,torch.tel,available,10.79,10.79,high,low,5,namesilo,,,
1834d64c-bf63-4e98-b234-0e3caf77e1a4,parity.tel,premium,10.62,10.62,high,low,6,namesilo,,,24/09/2026 13:55
ae393ee6-5bc9-4a99-b1e7-456ae2f585e6,affirmation.tel,available,10.98,15.98,high,low,11,namecheap,,,16/09/2026 08:52
80e378a6-09d4-46e6-be26-2e56f31ee32f,artfulness.tel,premium,10.62,10.62,high,low,10,namesilo,,,20/09/2026 10:34
a6f4e908-0a62-4bbf-8cf5-ee95d57d6c27,oleaceous.tel,premium,10.62,10.62,medium,low,9,namesilo,,,04/09/2026 02:06
c859d762-780d-45e5-8f2c-b6140c7bec6f,rectal.tel,premium,10.62,10.62,medium,low,6,namesilo,,,09/09/2026 11:51
c6b56412-9f4f-4a90-ab87-a1b784543284,apollo.tel,premium,10.62,10.62,high,medium,6,namesilo,,,19/09/2026 18:42
df3d63a1-cc31-4794-b428-675fad70412e,adust.tel,premium,10.62,10.62,medium,low,5,namesilo,,,
92608022-87a7-475a-97a0-6fc1c0adcc5a,millionth.tel,premium,10.62,10.62,high,low,9,namesilo,,,24/08/2026 23:25
cb60a4ba-8041-46b1-b703-942c439f39df,opinions.tel,premium,10.62,10.62,high,low,8,namesilo,,,17/09/2026 07:35
8152740b-dcca-44be-a29f-42dc69260bf5,startling.tel,available,10.98,15.98,medium,low,9,namecheap,,,10/09/2026 19:02
4a51632f-ff0b-4f1d-b3d8-23d21736ab7f,prolix.tel,premium,10.62,10.62,medium,low,6,namesilo,,,09/09/2026 03:04
f389bcdd-9995-4d27-adae-3d34d8b0a80f,dwell.tel,premium,10.62,10.62,high,low,5,namesilo,,,24/08/2026 07:49
a7ae83ee-62b6-4d0b-8cf2-2718c8df2f20,decrepit.tel,premium,10.62,10.62,medium,low,8,namesilo,,,13/08/2026 05:40
1b73209f-769a-41b6-b736-2bf1a08d5c1a,bulbous.tel,premium,10.62,10.62,medium,low,7,namesilo,,,09/08/2026 13:39
a037b973-8b4e-433b-8ac7-f1954d8a682c,summit.tel,premium,10.62,10.62,high,medium,6,namesilo,,,25/09/2026 19:43
967325f9-3ee0-4096-adde-50bf202cacf7,virago.tel,premium,10.62,10.62,medium,low,6,namesilo,,,18/09/2026 16:19
801e3f61-8374-4d5c-9654-cccae83a5da0,panoramic.tel,available,10.98,15.98,high,low,9,namecheap,,,22/09/2026 21:06
cde582e6-990c-4f8d-a152-4966460275c5,dishcloth.tel,premium,10.62,10.62,medium,low,9,namesilo,,,24/09/2026 22:40
a3a68e04-3076-493f-93c9-80100a9047f0,visually.tel,premium,10.62,10.62,high,low,8,namesilo,,,16/09/2026 11:04
abcabd1e-87f9-4c18-b088-100831458b27,emmet.tel,available,10.98,15.98,medium,low,5,namecheap,,,19/09/2026 12:15
186eca36-6b7f-4d8c-ba8c-11d057253b3e,moated.tel,premium,10.62,10.62,medium,low,6,namesilo,,,25/08/2026 02:14
a3bd9aa0-1d2c-4ccb-8548-6af15196a773,gauche.tel,premium,10.62,10.62,medium,low,6,namesilo,,,18/08/2026 20:41
5edeb0a8-a5fc-45ff-ad37-a14af46ac928,improvise.tel,available,10.98,15.98,high,low,9,namecheap,,,21/09/2026 16:45
3e28e318-d322-4bcf-b02d-b2481a17ac16,talkative.tel,available,10.98,15.98,high,low,9,namecheap,,,09/08/2026 21:05
71dc1540-7726-4988-a6f0-2508514b40dd,depressant.tel,premium,10.62,10.62,medium,low,10,namesilo,,,14/08/2026 02:39
551ef842-deee-44e0-9a82-279b3692391b,barbecuing.tel,premium,10.62,10.62,high,low,10,namesilo,,,22/09/2026 04:46
443948af-b8dd-4bf5-a694-1e0ad52182a5,wrongful.tel,available,10.79,10.79,medium,low,8,namesilo,,,
253e0a0a-7aac-4474-826a-16af7e5e664a,beefsteak.tel,premium,10.62,10.62,high,low,9,namesilo,,,23/09/2026 01:15
bdeb9088-40ab-4cee-ab2b-43b14e3fcda2,threefold.tel,premium,10.62,10.62,high,low,9,namesilo,,,14/08/2026 16:42
cf02ffc7-54cb-4ba5-91b3-45876ca898d2,adulterous.tel,premium,10.62,10.62,medium,low,10,namesilo,,,
81788a58-9443-465e-bac9-2e9c2da62d69,antebellum.tel,premium,10.62,10.62,medium,low,10,namesilo,,,
f11eeb78-28e5-4267-8d3c-c9b262f79e1c,factual.tel,available,10.98,15.98,high,low,7,namecheap,,,17/08/2026 20:31
415ba06e-39d6-4385-b652-20a5cc2902bf,snicker.tel,available,10.79,10.79,high,low,7,namesilo,,,
ac076d4a-5d5f-4102-9c8d-242b001960a6,seated.tel,available,10.79,10.79,high,low,6,namesilo,,,
fbad7fb4-7609-4345-bfbf-deb6baa42169,finest.tel,premium,10.62,10.62,high,low,6,namesilo,,,25/09/2026 18:42
e20e5ed8-c157-4fc5-8e7f-64a0edead3eb,marihuana.tel,available,10.79,10.79,high,low,9,namesilo,,,
5e237f6c-8684-4a6e-8d9c-3bcf058b6ea0,themself.tel,available,10.79,10.79,medium,low,8,namesilo,,,
18380bc0-26a9-4979-a4d1-49a2fcfea50f,areal.tel,premium,10.62,10.62,medium,low,5,namesilo,,,06/08/2026 17:21
3a26cd18-f0d0-4087-8ee2-900ffa6758a4,whiff.tel,premium,10.62,10.62,high,low,5,namesilo,,,09/09/2026 05:39
a5a07296-25f2-4355-b930-d6d2bd509959,anticipant.tel,premium,10.62,10.62,medium,low,10,namesilo,,,
630d4d9f-8967-4a94-b046-22b82913e0f4,drawing.tel,available,10.79,10.79,high,low,7,namesilo,,,
628d4d90-e9e2-4cc0-b4ba-719825c3b081,persistent.tel,premium,10.62,10.62,high,low,10,namesilo,,,14/08/2026 14:58
91feacf2-3da7-4d8e-8b83-ef82a4791e48,agonising.tel,premium,10.62,10.62,medium,low,9,namesilo,,,
1d1c46cf-3d17-46db-bd2b-43451cffb727,outsized.tel,premium,10.62,10.62,medium,low,8,namesilo,,,04/09/2026 19:40
0675d004-1c76-4fa3-b055-806dad844b76,tactile.tel,premium,10.62,10.62,high,low,7,namesilo,,,21/08/2026 00:02
7f87312e-690a-4008-b755-e6b0baa785f3,vexation.tel,premium,10.62,10.62,medium,low,8,namesilo,,,
a5c759a8-80e7-42af-81b7-c36fad71f53d,cyclopean.tel,available,10.99,10.99,medium,low,9,name.com,,,13/08/2026 13:51
a585967c-c79b-4a69-ae11-c628432da303,ateles.tel,available,10.98,15.98,medium,low,6,namecheap,,,20/09/2026 20:01
395749d7-e888-4810-a4bc-6ce2a29cc87d,marang.tel,premium,10.62,10.62,medium,low,6,namesilo,,,20/09/2026 12:01
8a06a820-f97f-43bf-86a4-4525e5d48c3b,ordain.tel,premium,10.62,10.62,high,low,6,namesilo,,,12/08/2026 22:27
9768d176-5ebb-498d-8f45-a5085750d9e3,claremont.tel,premium,10.62,10.62,high,low,9,namesilo,,,27/09/2026 08:22
a9f17b1a-bdbf-49e1-a5bd-eebd536ba8cb,expressive.tel,available,10.98,15.98,high,low,10,namecheap,,,17/08/2026 18:50
6e3d365a-3e75-4fab-8b60-8713b2c15d29,cinematic.tel,premium,10.62,10.62,high,low,9,namesilo,,,12/08/2026 08:13
d929dfc7-91b4-4a12-aee5-88382c81534a,aback.tel,premium,10.62,10.62,high,low,5,namesilo,,,13/09/2026 16:07
de529f73-a282-4fd3-954f-7ec6178f303c,synaptic.tel,premium,10.62,10.62,high,low,8,namesilo,,,11/09/2026 06:09
7b5d73d5-43f8-4edc-9d2c-85caaf3fcae1,observable.tel,premium,10.62,10.62,high,low,10,namesilo,,,03/09/2026 23:59
7a14bcc1-33d0-4915-a6b7-ec3fa6134191,arachis.tel,premium,10.62,10.62,medium,low,7,namesilo,,,19/09/2026 23:37
488492a3-f936-48a1-bf23-e4bf0a78b8c5,communist.tel,premium,10.62,10.62,high,low,9,namesilo,,,23/09/2026 16:14
c495ce43-ab79-4e06-8f00-7a25eede3c19,crossly.tel,premium,10.62,10.62,low,low,7,namesilo,,,14/09/2026 09:42
a7eaf88e-89fb-4e9b-8f3a-22b8afd8ae46,motionless.tel,premium,10.62,10.62,medium,low,10,namesilo,,,25/08/2026 07:28
bd5d37fe-5cd9-4a55-ad11-0c2d4382749d,apoplectic.tel,premium,10.62,10.62,medium,low,10,namesilo,,,06/08/2026 03:29
09fb0521-1152-4ea5-8b25-a7d6ada63104,swell.tel,premium,10.62,10.62,high,low,5,namesilo,,,08/08/2026 12:50
5d51fd02-38f7-4c70-895d-e6c333310893,info.tel,available,,,high,medium,4,,,,
fc80e0ff-3cf2-474c-8c13-da1b86d7551c,runny.tel,premium,10.62,10.62,medium,low,5,namesilo,,,09/09/2026 19:37
4ba08ecf-9f2b-4a96-a34f-67b8cae467fd,picks.tel,premium,10.62,10.62,high,low,5,namesilo,,,20/09/2026 07:23
201559f5-4c2a-4a23-ab50-1db41dcdfc6c,cantonal.tel,premium,10.62,10.62,medium,low,8,namesilo,,,11/08/2026 17:44
42b86ad5-9a6e-405c-a73c-8c6c0c216992,ambivalent.tel,premium,10.62,10.62,medium,low,10,namesilo,,,
96a4e764-803d-4cbd-be20-2c8980729c12,surfboard.tel,available,10.99,,high,low,9,name.com,,,
7a87f57f-3811-4943-a294-598ac98e7d5e,motions.tel,available,10.98,15.98,high,low,7,namecheap,,,18/09/2026 00:16
11f61799-1bb7-4427-b261-e41a7dd133ae,playfully.tel,available,10.98,15.98,high,low,9,namecheap,,,15/09/2026 20:25
f85a07de-e741-4c98-af0e-34e56a6fe236,baneful.tel,premium,10.62,10.62,low,low,7,namesilo,,,08/08/2026 09:44
23e55baf-c702-413f-9b23-f982992e1ed2,callable.tel,premium,10.62,10.62,high,low,8,namesilo,,,11/08/2026 14:26
d4e8af48-f521-4745-89db-fc8cd21c3c06,metrically.tel,premium,10.62,10.62,medium,low,10,namesilo,,,15/09/2026 14:41
43a12cc4-3c88-473c-a97d-a8293ecd5e6e,cincinnati.tel,resell,,,high,low,10,RegistryGate GmbH,03/02/2009 15:03,22/03/2027 23:59,26/09/2026 04:56
6e73758a-913c-401a-a00f-f1b145b19ab6,shanny.tel,premium,10.62,10.62,medium,low,6,namesilo,,,24/09/2026 05:59
36fa8bf5-4027-4262-a98b-3bfafeaa102c,dumpy.tel,available,10.98,15.98,medium,low,5,namecheap,,,14/08/2026 21:10
e06368d9-fea0-41ae-99dd-6cd9b405c674,dramatic.tel,premium,10.62,10.62,high,low,8,namesilo,,,24/09/2026 12:04
7a208979-a2f5-450f-a13f-0037305050a2,sexually.tel,premium,10.62,10.62,medium,low,8,namesilo,,,16/09/2026 01:18
b59bfc5a-d77a-4515-8b51-0e36761859fa,dilute.tel,premium,10.62,10.62,high,low,6,namesilo,,,
a796acf0-5522-4dfb-8863-a2149e45cdbc,blossoming.tel,premium,10.62,10.62,high,low,10,namesilo,,,18/08/2026 09:04
0aae8d27-9dfb-49a1-81ef-24157a643bde,beauvoir.tel,premium,10.62,10.62,high,low,8,namesilo,,,22/09/2026 22:24
888b0bdb-f34b-49e0-863b-258ecbd20eef,unsure.tel,premium,10.62,10.62,medium,low,6,namesilo,,,22/08/2026 01:08
023447db-bfac-4730-9ce7-c2770ef6f712,saporous.tel,premium,10.62,10.62,medium,low,8,namesilo,,,18/08/2026 07:16
cc5343c7-78bd-4723-a032-54f6d20d55cc,anther.tel,premium,10.62,10.62,medium,low,6,namesilo,,,19/09/2026 13:08
025818cc-ce24-4a4a-84b9-11c21abbaa5d,multiform.tel,premium,10.62,10.62,high,low,9,namesilo,,,03/09/2026 10:41
78ec1f2d-41cb-4c64-824b-6e8d7bd498bb,albany.tel,premium,10.62,10.62,high,low,6,namesilo,,,18/09/2026 02:27
77062e1f-8d4b-4fb6-88a5-4612be5718a3,unfretted.tel,premium,10.62,10.62,medium,low,9,namesilo,,,12/09/2026 10:45
33799ca7-b539-4dc0-a6d6-439321e7507b,graceless.tel,premium,10.62,10.62,medium,low,9,namesilo,,,18/08/2026 20:43
f695e294-0d13-4a89-b412-fd19154c1ec3,audibility.tel,premium,10.62,10.62,high,low,10,namesilo,,,21/09/2026 02:52
c6259ebe-2f78-4c3e-b411-efd210438de7,crease.tel,premium,10.62,10.62,high,low,6,namesilo,,,13/08/2026 07:14
bbf6cec1-dbcb-4ffa-a492-614d10f5c7d9,overstep.tel,premium,10.62,10.62,medium,low,8,namesilo,,,11/09/2026 17:25
9fa7bf78-9e6f-4b53-a248-5bfd3485e4d2,alternatives.tel,available,10.98,15.98,medium,low,12,namecheap,,,19/09/2026 21:34
210a3b10-802c-466a-bdd9-e350f668ee25,abatic.tel,premium,10.62,10.62,medium,low,6,namesilo,,,
b7f6eea4-f8cd-4565-98e7-e559446c22fb,analogous.tel,premium,10.62,10.62,high,low,9,namesilo,,,
5c7115fe-b8b3-49e8-910e-b991dc7a6901,conventionally.tel,available,10.79,10.79,medium,low,14,namesilo,,,
e44ee182-1981-477d-8e03-0478003157d2,endless.tel,available,10.99,10.99,high,low,7,name.com,,,13/08/2026 18:44
b8abebde-1b9a-4c13-bc86-be64129f5a14,deadlocked.tel,available,10.99,10.99,medium,low,10,name.com,,,13/08/2026 19:27
e93e314b-d6f1-41b8-9ae1-788706a0a3f0,tripping.tel,premium,10.62,10.62,high,low,8,namesilo,,,23/08/2026 05:23
50c6a513-0d64-4593-abe5-c0f0ba3678d6,pinkish.tel,available,10.98,15.98,high,medium,7,namecheap,,,08/09/2026 19:46
f6d8d5c6-a605-438b-9d42-36bf4c0c538a,reprint.tel,premium,10.62,10.62,high,low,7,namesilo,,,10/09/2026 04:03
ae59f127-843d-4dfe-b190-18cc2cf8ceba,variously.tel,premium,10.62,10.62,medium,low,9,namesilo,,,14/09/2026 13:23
bb137d47-a3ff-4a5f-b964-959f132e0cd4,anticipated.tel,premium,10.62,10.62,high,low,11,namesilo,,,08/09/2026 14:34
feb984e7-2c31-4411-b411-fa21691c08e7,frumpy.tel,premium,10.62,10.62,medium,low,6,namesilo,,,18/08/2026 17:06
99340b51-e2cc-422d-a953-e639e828feda,louse.tel,available,10.98,15.98,medium,low,5,namecheap,,,23/09/2026 20:00
5f2ba6ac-d088-4bb0-b99d-965efcb2bb6e,acromion.tel,premium,10.62,10.62,medium,low,8,namesilo,,,17/09/2026 03:49
c4e3d160-32c4-42de-838a-9352681b6e73,pall.tel,premium,24.42,10.99,medium,low,4,name.com,,,22/08/2026 11:56
1f788be1-a131-42f3-bb92-32e00d3ee5cb,anecdote.tel,premium,10.62,10.62,high,low,8,namesilo,,,19/09/2026 05:07
b0752c88-93f5-4561-8b76-23b2c4f03abf,bumbling.tel,premium,10.62,10.62,medium,low,8,namesilo,,,11/08/2026 09:34
20713050-49b9-47d7-900b-1a81fe3ee21c,unbounded.tel,premium,10.62,10.62,high,medium,9,namesilo,,,10/08/2026 22:34
649c79e8-fa8c-4792-9a26-596c1f624137,bakeshop.tel,available,10.98,15.98,high,low,8,namecheap,,,21/09/2026 20:10
39f138de-b861-4983-8075-14920bac8df3,bessel.tel,premium,10.62,10.62,medium,low,6,namesilo,,,23/09/2026 10:26
345dba42-54f0-4318-929e-3507597d0924,disk.tel,premium,24.42,,high,low,4,name.com,,,
2774ed06-0f44-49e1-b47e-af4da34c7dac,harder.tel,available,10.98,15.98,medium,low,6,namecheap,,,26/09/2026 03:10
8731a1f5-34e1-439c-a3e4-4b919e3c3f35,razor.tel,available,10.79,10.79,high,low,5,namesilo,,,
c874bcf5-387e-49f9-ba64-3f28381e2466,furtive.tel,premium,10.62,10.62,medium,low,7,namesilo,,,08/08/2026 06:32
6269e955-db82-4b55-9a82-a51c522e1cd1,uniting.tel,premium,10.62,10.62,high,low,7,namesilo,,,18/09/2026 15:39
e27f5194-54f1-4388-a5af-481b5c469700,ended.tel,premium,10.62,10.62,high,low,5,namesilo,,,
7ac97837-f55b-4138-910e-9e0c799677c4,underage.tel,premium,10.62,10.62,medium,low,8,namesilo,,,03/09/2026 18:43
19732856-eb45-44e9-8d2d-247853216fa2,hello.tel,resell,,,high,high,5,Porkbun,05/06/2024 13:40,05/06/2027 13:40,26/09/2026 06:38
324282ad-e3e3-4cf3-b62f-0d346241dc4a,floyd.tel,premium,26,11.7,high,low,5,namecheap,,,25/09/2026 19:20
d23b2452-2727-424b-b7cc-d7b11f1e86f9,backward.tel,premium,10.62,10.62,high,low,8,namesilo,,,22/09/2026 15:53
03a30cf2-1ce1-46c4-a31f-353a3d04e18e,loudly.tel,premium,10.62,10.62,medium,low,6,namesilo,,,18/08/2026 12:25
478ec830-b163-4330-a974-f6fea0dc5787,allopathic.tel,premium,10.62,10.62,medium,low,10,namesilo,,,
f5c33db7-a0e6-4727-91ae-cf436c373c59,anarchic.tel,premium,10.62,10.62,medium,low,8,namesilo,,,
347689ad-9d49-495f-b9b5-cc36b7bd6e83,consent.tel,premium,10.62,10.62,high,low,7,namesilo,,,08/09/2026 13:17
64c7499d-7ffe-4b62-9e03-d1b5930648f4,acarus.tel,available,10.98,15.98,medium,low,6,namecheap,,,16/09/2026 21:38
3948adf4-e50a-4402-8048-e3818132ac28,breakneck.tel,premium,10.62,10.62,high,low,9,namesilo,,,11/08/2026 03:08
1ed0a398-cb15-4e97-8565-32c160044ec2,dextral.tel,premium,10.62,10.62,medium,low,7,namesilo,,,14/08/2026 05:28
e8e01ade-8846-4ec8-9747-e917b8a1f5c3,earthling.tel,premium,10.62,10.62,high,low,9,namesilo,,,11/09/2026 10:43
3614d1fa-31b9-49df-8813-9806eddaadb7,irritate.tel,available,10.79,10.79,medium,low,8,namesilo,,,
d25f292c-f0a8-426f-a14c-d016a1db33c6,peruvian.tel,available,10.98,15.98,high,low,8,namecheap,,,08/09/2026 18:07
cd431149-1643-4873-ad23-1729a8393b14,bercy.tel,premium,10.62,10.62,medium,low,5,namesilo,,,23/09/2026 09:16
0f51f671-ebdb-424f-8902-4ad74a3f4699,stupefy.tel,premium,10.62,10.62,medium,low,7,namesilo,,,21/09/2026 17:33
e3bad38e-74e9-450a-a181-cd824210aa98,assayer.tel,premium,10.62,10.62,medium,low,7,namesilo,,,20/09/2026 15:59
81fe72a8-7d24-4f18-8160-1243215fe64a,proficient.tel,available,10.98,15.98,high,low,10,namecheap,,,21/09/2026 17:23
931095e8-c4b3-43bc-8892-453d8358ab98,mickle.tel,premium,10.62,10.62,medium,low,6,namesilo,,,25/08/2026 00:32
bbc56f71-68ab-437a-add1-4261af2deacf,bawdyhouse.tel,available,10.98,15.98,medium,low,10,namecheap,,,21/09/2026 18:21
15d7a0ed-ccb4-4c4d-b8e3-eee3d9fc9386,slapdash.tel,premium,10.62,10.62,medium,low,8,namesilo,,,10/09/2026 09:57
824c10eb-4ab4-4397-9622-4b8022509584,carat.tel,premium,10.62,10.62,high,low,5,namesilo,,,24/09/2026 12:45
9d283164-81a3-45fb-9814-e6bd143ed67c,digging.tel,premium,10.62,10.62,high,low,7,namesilo,,,27/09/2026 13:02
af54026c-56de-4787-ab92-1395702460b3,stared.tel,premium,10.62,10.62,medium,low,6,namesilo,,,18/09/2026 02:18
23f97423-267c-459d-8d8f-aaa9f016325f,joyless.tel,premium,10.62,10.62,medium,low,7,namesilo,,,22/08/2026 14:04
f25f39f7-fcc1-417c-93b8-501a10900337,unthinking.tel,premium,10.62,10.62,medium,low,10,namesilo,,,24/08/2026 11:16
b468ea17-1087-4368-995c-737132140912,discerning.tel,premium,10.62,10.62,high,low,10,namesilo,,,06/08/2026 08:23
4fb71a3c-ef7a-491b-86cc-bf1909c39da8,albion.tel,available,10.98,15.98,high,low,6,namecheap,,,18/09/2026 02:58
cc867cb8-e814-44de-b24c-260c97850350,knackered.tel,premium,10.62,10.62,medium,low,9,namesilo,,,22/08/2026 16:23
973a8928-4f63-4f9e-afe0-eebb9b4b847d,pensacola.tel,premium,10.62,10.62,high,low,9,namesilo,,,25/09/2026 23:59
21f3ddfc-eea9-4374-a67d-d32ba5c50a5c,gang.tel,premium,24.42,,high,low,4,name.com,,,
41a8f227-4e8a-4b01-b196-8fb78da0b659,climber.tel,available,10.98,15.98,high,low,7,namecheap,,,24/09/2026 15:39
508ea6c3-4162-4b1c-9401-6cee50cbba6b,spermous.tel,premium,10.62,10.62,high,medium,8,namesilo,,,10/09/2026 15:30
fee3e426-494a-4368-9e22-ebca9194bd3a,congregational.tel,available,10.79,10.79,medium,low,14,namesilo,,,
ecdfff2d-f67c-4d8c-b920-0691cfe08474,capacious.tel,available,10.98,15.98,medium,low,9,namecheap,,,11/08/2026 17:47
3e375c8c-ce46-43bc-9e4d-751553189cec,harlot.tel,available,10.99,10.99,high,low,6,name.com,,,13/08/2026 14:19
34b6ee0e-664f-43a9-a1f9-b24392caeb86,treat.tel,available,10.98,15.98,high,low,5,namecheap,,,24/09/2026 04:23
d0ddb8a9-7dc6-4e91-9010-e2ee589df423,parliamentary.tel,available,10.79,10.79,medium,low,13,namesilo,,,
8352916e-161f-4b3f-b6d4-745ce8208098,damp.tel,premium,24.42,10.99,medium,low,4,name.com,,,13/08/2026 16:39
f25eb983-0ce5-4544-b435-99e1c472d27f,evilly.tel,premium,10.62,10.62,low,low,6,namesilo,,,14/09/2026 16:42
f20168d4-fb8d-46d8-ba58-5554640adceb,shakeable.tel,premium,10.62,10.62,medium,low,9,namesilo,,,10/09/2026 05:34
385ecb0a-8a41-4fb9-8673-85273b6d22f7,gather.tel,available,10.98,15.98,high,medium,6,namecheap,,,23/09/2026 20:27
1da97c03-daf3-4537-8931-eee590a8ad33,cyprian.tel,available,10.99,10.99,high,low,7,name.com,,,13/08/2026 14:02
b3fba133-b791-4806-bb43-7bd4f4e6d3ee,feminism.tel,available,10.79,10.79,high,low,8,namesilo,,,
b8656d4a-9e13-4fec-aa77-c09d4ed4ae60,exhale.tel,available,10.79,10.79,high,low,6,namesilo,,,
1d2ee390-4d86-422f-89c2-fdf4fe93978c,useful.tel,available,10.79,10.79,high,low,6,namesilo,,,
39973911-d633-462f-b5a9-7793460f2007,ruritanian.tel,available,10.98,15.98,medium,low,10,namecheap,,,09/09/2026 19:43
f21a3167-b872-4816-a575-8afd57bcbff6,jehovah.tel,premium,10.62,10.62,high,low,7,namesilo,,,
fe2e3768-d751-4a75-b2b1-72a40b471268,stinker.tel,premium,10.62,10.62,medium,low,7,namesilo,,,11/08/2026 09:15
03e577f3-f1f9-416c-b6a0-fb51b215a1ed,fruits.tel,premium,10.62,10.62,high,low,6,namesilo,,,17/09/2026 12:52
385a22f1-c642-4ec7-834d-6e91827d83df,nodding.tel,premium,10.62,10.62,high,low,7,namesilo,,,12/08/2026 00:48
42463a14-f9fb-4298-bd21-25f302b6a878,intuitions.tel,available,10.98,15.98,medium,low,10,namecheap,,,20/09/2026 19:28
b4b621fc-b9a4-4b7e-bd29-cd171830bd74,array.tel,premium,10.62,10.62,high,low,5,namesilo,,,20/09/2026 08:50
dd287dba-7438-43c9-81c6-4bb17eb74cf7,cloze.tel,premium,10.62,10.62,medium,low,5,namesilo,,,12/08/2026 12:54
11e61c0f-d443-4c23-b13e-1d614d03f5ba,productive.tel,available,10.98,15.98,high,low,10,namecheap,,,18/08/2026 21:26
65bc6cf6-af77-40f4-a527-b58cf5b96cd1,lxxxvi.tel,available,10.98,15.98,medium,low,6,namecheap,,,
899c2c3b-c9b7-41b0-bcb4-db080b246332,roan.tel,premium,26,11.7,high,low,4,namecheap,,,09/09/2026 18:08
298db13c-aff9-4c55-902c-da60d1b8c59d,tweedy.tel,premium,10.62,10.62,medium,low,6,namesilo,,,21/08/2026 11:21
62740ebc-ca7b-4bd0-821c-96689825e081,undesigned.tel,premium,10.62,10.62,medium,low,10,namesilo,,,12/09/2026 07:46
419e5b09-5953-4fa3-b679-28b2c4232b46,naturistic.tel,premium,10.62,10.62,medium,low,10,namesilo,,,03/09/2026 13:59
b2c06459-86c6-4202-9484-ad326a326b18,urban.tel,available,10.79,10.79,high,low,5,namesilo,,,
1442e7e5-7ccc-4019-b3fb-6e9e9064036e,minimums.tel,premium,10.62,10.62,low,low,8,namesilo,,,20/09/2026 08:36
8b1b81d2-30aa-4b7e-be95-fd6cb92b3221,mesonic.tel,available,10.98,15.98,medium,low,7,namecheap,,,24/08/2026 21:09
c75e9d54-d755-48b6-be1a-33b73836b917,releasing.tel,premium,10.62,10.62,high,low,9,namesilo,,,09/09/2026 13:32
dc48d671-d69f-4cd2-a44b-11c4bfcce851,incapable.tel,premium,10.62,10.62,medium,low,9,namesilo,,,22/08/2026 00:49
2798858b-283b-4156-8d16-9f5cf231c0c9,interwoven.tel,premium,10.62,10.62,high,low,10,namesilo,,,22/08/2026 08:08
b6c05f51-d741-44d1-99cc-36d14780c942,alcoholics.tel,premium,10.62,10.62,low,low,10,namesilo,,,18/09/2026 22:27
10baf3f5-a19e-4336-8903-1d920501253d,feasibly.tel,available,10.98,15.98,medium,low,8,namecheap,,,14/09/2026 18:08
aa69aa1a-49d5-41ea-9afc-5c8209a5bc67,spiteful.tel,premium,10.62,10.62,medium,low,8,namesilo,,,14/08/2026 04:20
fcb6cf09-fd82-4f85-84a3-991d7da8d55f,corny.tel,premium,10.62,10.62,high,low,5,namesilo,,,23/09/2026 23:25
6ed81d3c-f51e-47ba-aefc-72f7ce9c0633,lxxxiii.tel,premium,10.62,10.62,medium,low,7,namesilo,,,
ec7728a8-b2d7-4ecc-b0ba-9a400e1f966d,protected.tel,premium,10.62,10.62,high,low,9,namesilo,,,27/09/2026 07:42
24adcd6c-08cf-4386-8cef-119f45c84c66,repel.tel,available,10.79,10.79,high,low,5,namesilo,,,
38f353a1-bdba-4617-820f-29053bfa50bd,weekends.tel,premium,10.62,10.62,high,low,8,namesilo,,,20/09/2026 22:23
ca21e0a4-91b4-4b5d-86b8-468730bbf7fc,puke.tel,premium,24.42,10.99,medium,low,4,name.com,,,11/08/2026 09:18
20159331-7cd3-41a3-8f69-4473e85f17f6,delimited.tel,premium,10.62,10.62,medium,low,9,namesilo,,,10/08/2026 21:54
22c27c6e-582f-4ed6-a5ac-55c1663776ee,bakshish.tel,premium,10.62,10.62,medium,low,8,namesilo,,,21/09/2026 15:53
1c81476f-5560-46cd-92c1-ef9f6b9afc06,anabolic.tel,premium,10.62,10.62,high,low,8,namesilo,,,
a18a914b-5d87-4cda-ab40-ce210f6bc0c9,adventism.tel,available,10.98,15.98,medium,low,9,namecheap,,,17/09/2026 10:32
46bccbd2-bf40-4a3d-93e2-f81987e9e8ac,indigo.tel,resell,,,high,low,6,INWX GmbH,03/02/2009 15:13,22/03/2027 23:59,26/09/2026 06:51
368b3879-f4bb-47ca-aaef-1ef99b925838,shears.tel,available,10.79,10.79,high,low,6,namesilo,,,
7181c02d-d83d-4d7b-945a-e739343b25fd,insipid.tel,premium,10.62,10.62,medium,low,7,namesilo,,,10/08/2026 12:59
5956495f-3ad7-4c31-88f0-965f444cdd93,tuneful.tel,premium,10.62,10.62,high,low,7,namesilo,,,24/08/2026 19:43
c450e08b-f53d-4957-acbc-4b463d0d4f70,clanging.tel,premium,10.62,10.62,medium,low,8,namesilo,,,12/08/2026 09:31
449a80b4-3748-4fcb-9dae-9bd303aba93e,miserable.tel,premium,10.62,10.62,high,low,9,namesilo,,,
cddcdf2d-4f7d-4904-be00-5d3ad7a9a7d0,cubic.tel,premium,10.62,10.62,high,low,5,namesilo,,,13/08/2026 10:01
d35e5fe3-8fff-4fcc-a0b7-d661a274ef26,blackguard.tel,premium,10.62,10.62,medium,low,10,namesilo,,,24/09/2026 02:20
ab1b15be-3a2c-4ce9-9dfb-cd9a419c1745,virtuous.tel,premium,10.62,10.62,high,low,8,namesilo,,,13/09/2026 06:06
dbcafa89-0cdf-44a8-b6fa-af992a61f35b,nutritive.tel,premium,10.62,10.62,high,low,9,namesilo,,,08/09/2026 09:04
6d52121d-c8ab-438c-8c51-2f2e544e1264,dotcom.tel,premium,10.62,10.62,high,low,7,namesilo,,,14/08/2026 16:26
3f91c852-7e3e-482a-9f5f-ba2933761278,heed.tel,premium,26,11.7,high,low,4,namecheap,,,08/09/2026 10:58
65175cbd-c808-4aba-8797-622dd75e6c68,lucidly.tel,premium,10.62,10.62,high,low,7,namesilo,,,15/09/2026 12:12
a524966d-0459-4dbe-9a1b-ca745cd8b8e7,sadness.tel,available,10.79,10.79,high,low,7,namesilo,,,
08b89d43-2bfe-4afa-b0d2-43298f550b35,specks.tel,premium,10.62,10.62,medium,low,6,namesilo,,,20/09/2026 10:46
fff13bd1-e4ad-42e7-bb96-6d0867c02955,kgb.tel,premium,610.5,,high,low,3,name.com,,,
b21eb79a-6acd-4e60-bf70-16deb1f7f68f,limbless.tel,available,10.98,15.98,medium,low,8,namecheap,,,23/08/2026 12:35
6bbb3a2d-a861-4a0b-b9b8-0cfd70bb74b0,excuse.tel,premium,10.62,10.62,high,low,6,namesilo,,,25/09/2026 22:39
0457c11a-abbc-4cbc-9113-bca7d483a379,assegai.tel,available,10.98,15.98,medium,low,7,namecheap,,,20/09/2026 15:40
ef8bb1dd-543b-4ffc-9d46-d6c547bcf13d,southwards.tel,premium,10.62,10.62,high,medium,10,namesilo,,,10/09/2026 14:52
c58aa50e-256a-4ee8-b466-6ee08d2ba92e,changed.tel,premium,10.62,10.62,high,low,7,namesilo,,,12/08/2026 01:53
91178e3d-f426-4d72-8c28-e1c8331ce6f8,assets.tel,premium,1300,11.7,high,low,6,namecheap,,,20/09/2026 16:21
ef92c679-756d-4150-98ce-02cb92126e9a,affaire.tel,premium,10.62,10.62,medium,low,7,namesilo,,,17/09/2026 14:00
6d85403e-ccd6-41d4-a636-ff4554c67ca9,lightness.tel,available,10.98,15.98,high,low,9,namecheap,,,17/09/2026 17:53
8d0b8375-c3ff-40ba-96d9-c52908f5f78f,strain.tel,available,10.79,10.79,medium,low,6,namesilo,,,
1ecaf45e-d23b-4880-8dee-da8c033ee58a,barouche.tel,premium,10.62,10.62,medium,low,8,namesilo,,,22/09/2026 07:43
007ec23d-ec74-4ee0-a42c-48a99fd7adbd,rustic.tel,premium,10.62,10.62,high,low,6,namesilo,,,
16f4d919-bf7a-4924-8d4c-1c41bd1739ab,employable.tel,premium,10.62,10.62,high,low,10,namesilo,,,16/08/2026 18:22
f3dd3628-10f0-4156-9d2e-4fd05138b730,victual.tel,available,10.98,15.98,medium,low,7,namecheap,,,12/08/2026 18:51
d2919d60-ce1e-477f-935b-000b42ffdbf3,tasselled.tel,premium,10.62,10.62,medium,low,9,namesilo,,,11/09/2026 08:58
41ee8ba4-f52e-467f-b958-cd07cc496a11,permanent.tel,premium,10.62,10.62,high,low,9,namesilo,,,22/08/2026 20:24
be631779-ea54-4db8-8bc6-750277382ce9,neighborly.tel,premium,10.62,10.62,high,low,10,namesilo,,,03/09/2026 15:16
7b2214c5-0a02-4122-afea-1d2433bffe0e,treachery.tel,premium,10.62,10.62,medium,low,9,namesilo,,,23/09/2026 11:23
21c78fbf-7da5-4aef-a855-3ac917be47de,missional.tel,premium,10.62,10.62,high,low,9,namesilo,,,25/08/2026 01:50
2f324c3e-69d4-410a-b3de-9a51c347e853,broccoli.tel,available,10.99,,high,low,8,name.com,,,
8da13932-bd99-4901-b0bf-a72fe979d516,arrays.tel,premium,10.62,10.62,medium,low,6,namesilo,,,20/09/2026 09:17
ef3e42ad-caf8-4cc6-bd08-0fe69ebb58c5,inured.tel,premium,10.62,10.62,medium,low,6,namesilo,,,17/08/2026 10:01
b4912b28-f362-4009-b9b7-dfdae7e1371c,rayless.tel,premium,10.62,10.62,medium,low,7,namesilo,,,09/09/2026 10:46
82cafdb1-07ab-4636-94ab-5f418184685c,bialy.tel,premium,10.62,10.62,medium,low,5,namesilo,,,23/09/2026 12:41
1f849385-7c37-4bb6-afdb-1468cf6b313d,mantra.tel,available,10.99,,high,low,6,name.com,,,
1bf0fb1b-ca0e-4130-a0bc-696b0118b106,bulb.tel,premium,24.42,,high,low,4,name.com,,,
79be372b-26fb-4391-a348-3e618fa3a8b1,assuring.tel,premium,10.62,10.62,medium,low,8,namesilo,,,07/08/2026 08:31
034cd976-3449-4e13-a0cd-2e9955ccf551,including.tel,available,10.79,10.79,medium,low,9,namesilo,,,
b813d80e-b6a5-4996-8741-1b11a27e42e0,imbalanced.tel,available,10.98,15.98,medium,low,10,namecheap,,,21/08/2026 20:20
52d8a4f4-62c5-4cb6-aa67-9ea20f38fb83,utility.tel,resell,,,high,low,7,"GoDaddy.com, LLC",25/12/2018 20:53,25/12/2026 20:53,26/09/2026 09:55
5c3800ee-5690-46e3-bd53-4422f2f4b03b,firstly.tel,available,10.98,15.98,medium,low,7,namecheap,,,24/09/2026 18:41
ee922740-0b8e-42e3-a203-5e016364f8fe,illusory.tel,available,10.98,15.98,medium,low,8,namecheap,,,21/08/2026 20:15
284bcba5-e378-47c4-9e9b-8bb182fe4584,homy.tel,premium,24.42,10.99,high,low,4,name.com,,,21/08/2026 11:08
26f0c42b-c7be-4f78-97c2-1b83d8a29306,adamance.tel,premium,10.62,10.62,medium,low,8,namesilo,,,17/09/2026 06:15
c974240c-4290-47d1-bbbf-16b3bf47cc18,tycoon.tel,premium,10.62,10.62,high,low,6,namesilo,,,23/09/2026 14:18
2d275c47-29d9-4aea-9eb2-c0e211a699db,maiden.tel,premium,10.62,10.62,high,low,6,namesilo,,,22/08/2026 05:32
bb05675e-88b6-4eb6-b3b0-03d903276699,asahikawa.tel,premium,10.62,10.62,medium,low,9,namesilo,,,20/09/2026 12:44
fb4cafa7-48c9-4516-b37f-1f0018503d27,perforce.tel,premium,10.62,10.62,medium,low,8,namesilo,,,15/09/2026 19:36
614189e5-38a0-46fe-81c6-cfd8cb885dc2,bartholin.tel,premium,10.62,10.62,medium,low,9,namesilo,,,22/09/2026 09:14
3afeefc0-d1b6-42f8-a3b2-86b9444e9457,selections.tel,premium,10.62,10.62,medium,low,10,namesilo,,,20/09/2026 10:53
510a47bf-2bb1-4c58-8470-0a0ab9b0b88f,elegantly.tel,premium,10.62,10.62,high,low,9,namesilo,,,14/09/2026 15:17
ebbb7f7f-6d32-4e0d-9f40-7890ba4b891c,gur.tel,premium,650,11.7,medium,low,3,namecheap,,,13/09/2026 06:52
4628faae-cbe0-489f-843c-3488ad21710e,pancake.tel,premium,10.62,10.62,high,low,7,namesilo,,,22/09/2026 14:28
f41c91f5-7a83-4065-84ad-bcaf61f2264d,helicopter.tel,premium,10.62,10.62,high,low,10,namesilo,,,25/09/2026 05:19
ca0172e5-9ddc-4174-97ad-4c83847d61b8,bentwood.tel,available,10.98,15.98,medium,low,8,namecheap,,,23/09/2026 08:47
08b369ec-5534-4cea-81d3-a051a6eef26b,checkpoint.tel,available,10.98,15.98,high,low,10,namecheap,,,24/09/2026 14:03
5f8de37d-d7e6-4063-adb2-3a0f81fc7abc,misleading.tel,premium,10.62,10.62,medium,low,10,namesilo,,,25/08/2026 01:34
d392ae25-2f6e-4907-a981-4526edc84d89,policies.tel,premium,10.62,10.62,medium,low,8,namesilo,,,04/09/2026 07:55
959906cd-723e-47f5-980a-884e9693e466,journey.tel,premium,10.62,10.62,high,low,7,namesilo,,,25/09/2026 11:20
784d0623-e653-41e6-b6d4-ec6c11ac09ba,ballpen.tel,premium,10.62,10.62,medium,low,7,namesilo,,,21/09/2026 23:22
c9403dcb-8652-4b1a-bb0a-a36817c3cdc8,heat.tel,premium,24.42,,high,low,4,name.com,,,
895b6a4a-650f-4816-81e3-405c6911633c,cherimoya.tel,premium,10.62,10.62,medium,low,9,namesilo,,,19/09/2026 10:32
0b9e3730-cd67-400a-bc8c-060cba9596e4,timid.tel,premium,10.62,10.62,medium,low,5,namesilo,,,11/08/2026 22:46
97f823b6-6630-4d58-9a8e-9e87f035ff26,manifestly.tel,available,10.98,15.98,medium,low,10,namecheap,,,08/09/2026 20:23
336a64a9-2dcf-46cf-b13f-23179edb49cc,boredom.tel,premium,10.62,10.62,medium,low,7,namesilo,,,24/09/2026 07:28
4c738835-39aa-4435-a0fc-bb83d0c5e1f4,chronic.tel,premium,10.62,10.62,high,low,7,namesilo,,,12/08/2026 07:24
c31d6a70-6d8f-45e3-b8b1-7fd4699b2bd7,bulge.tel,premium,10.62,10.62,high,low,5,namesilo,,,08/09/2026 23:47
36a53362-7aac-4394-a390-71153301a7a8,antrum.tel,available,10.98,15.98,medium,low,6,namecheap,,,19/09/2026 15:46
e5da7c56-acfc-4d2d-9eb4-0a696bcdd481,uneasy.tel,available,10.98,15.98,medium,low,6,namecheap,,,21/08/2026 19:45
de24394f-665e-445c-9895-48798e177246,fortify.tel,premium,10.62,10.62,high,low,7,namesilo,,,20/09/2026 06:18
3313ac11-70d3-42ce-b22b-669d98ede176,aileron.tel,available,10.98,15.98,medium,low,7,namecheap,,,17/09/2026 21:10
135a6d8f-23f5-48fa-85e8-4146591bdb80,eighteenth.tel,premium,10.62,10.62,high,low,10,namesilo,,,
012cb3eb-274f-4892-a520-6790e80ba3f8,dispersed.tel,premium,10.62,10.62,medium,low,9,namesilo,,,14/08/2026 11:56
b629137e-3ebd-4c58-85d9-5305b8df3df1,fits.tel,premium,26,11.7,medium,low,4,namecheap,,,18/09/2026 18:43
083b7bb3-f29f-4ffe-8c2f-517c56c659f0,berbers.tel,premium,10.62,10.62,medium,low,7,namesilo,,,19/09/2026 23:24
69c118e5-9dd2-41d3-ac39-a4c9aa505110,turing.tel,premium,10.62,10.62,high,low,6,namesilo,,,18/09/2026 01:45
1c18707b-744e-436c-a471-d3908a74cd9d,antigenic.tel,available,10.98,15.98,medium,low,9,namecheap,,,
26e64cde-9db8-41c4-9cb8-c315de710f2c,broached.tel,premium,10.62,10.62,high,low,8,namesilo,,,
5068a8a5-a8e9-4c89-8886-0bd9a37b5c3f,jumps.tel,available,10.79,10.79,high,low,5,namesilo,,,
2afe5efe-b33d-4c5e-b009-3bf05fdfad02,putrescent.tel,premium,10.62,10.62,high,medium,10,namesilo,,,09/09/2026 06:42
8e1a694f-118c-4bd4-871d-cdf3d7159a28,endowment.tel,premium,1221,,high,low,9,name.com,,,
942bce36-f349-4388-a2a7-5f453122f290,diverging.tel,premium,10.62,10.62,high,low,9,namesilo,,,14/08/2026 13:37
26c3af5c-6080-4ebb-a9e7-e0940aff50bb,squatting.tel,premium,10.62,10.62,medium,low,9,namesilo,,,10/09/2026 17:35
f23248a4-94bb-40ab-b1f2-1f1cd48c474e,saturnine.tel,premium,10.62,10.62,medium,low,9,namesilo,,,20/08/2026 15:03
d63b8a61-66d0-4462-84d1-656293f9709d,shrub.tel,premium,10.62,10.62,high,low,5,namesilo,,,23/09/2026 11:56
4b479053-1054-42df-b51b-088ba3cdf79e,crafty.tel,premium,10.62,10.62,high,low,6,namesilo,,,24/09/2026 01:24
b6326625-7016-4f33-bec3-70eb0ba3933b,silvery.tel,available,10.98,15.98,high,low,7,namecheap,,,06/08/2026 17:56
50db884d-db32-4625-bad8-1ad0a66c8d5e,atopy.tel,premium,10.62,10.62,medium,low,5,namesilo,,,21/09/2026 00:33
ae05bbf7-f6fb-4143-a7d5-b669581f2763,graven.tel,premium,10.62,10.62,medium,low,6,namesilo,,,17/08/2026 07:43
f748fe2e-aab9-4eb3-9886-d047476ef058,birdbrain.tel,premium,10.62,10.62,medium,low,9,namesilo,,,17/09/2026 07:04
cdb8999f-10a5-47d0-961d-e096cc627a8e,argon.tel,premium,10.62,10.62,high,low,5,namesilo,,,19/09/2026 23:19
90de3b79-db3e-4e6a-bd23-1dc694b57670,touchable.tel,premium,10.62,10.62,high,low,9,namesilo,,,11/09/2026 07:57
5831eb86-eece-4df9-a82b-51f7844f8a86,then.tel,premium,24.42,,high,low,4,name.com,,,
c8fb9f67-4bf6-402d-8d4f-c5dbb9981f05,household.tel,available,10.79,10.79,high,low,9,namesilo,,,
3679da19-5e1d-4ddc-ba0e-ffe281f2ed76,fatso.tel,premium,10.62,10.62,medium,low,5,namesilo,,,17/08/2026 23:54
015221d6-bc8e-4da4-96f9-87fe747f69c2,operate.tel,available,10.98,15.98,high,low,7,namecheap,,,25/09/2026 06:12
c449e5c1-312a-4aed-8441-02f248400dfc,passed.tel,available,10.79,10.79,medium,low,6,namesilo,,,
5e3597d7-0587-409b-bc46-7269d3542c92,skinless.tel,premium,10.62,10.62,medium,low,8,namesilo,,,10/09/2026 09:42
3e22e181-2748-4f68-af98-e2237bc19962,spidery.tel,premium,10.62,10.62,medium,low,7,namesilo,,,06/08/2026 11:46
cdb1d8a2-18f1-48a4-871a-e28fdb50932c,revengeful.tel,premium,10.62,10.62,medium,low,10,namesilo,,,09/09/2026 16:00
7efbba5e-f980-41fd-a461-5ea15351ceff,amnios.tel,premium,10.62,10.62,medium,low,6,namesilo,,,18/09/2026 22:26
7225384c-6341-4e6a-b1c1-34debbb94289,closeout.tel,available,10.79,10.79,high,low,9,namesilo,,,
199bd9bd-1418-4315-8669-b0377363e798,ontogeny.tel,available,10.98,15.98,high,low,8,namecheap,,,20/08/2026 20:29
7243e8f9-f5f9-402a-9a91-60ea67abb4e8,quits.tel,available,10.98,15.98,high,low,5,namecheap,,,09/09/2026 09:02
27bd425e-a538-4c52-81dd-15eb918914aa,grape.tel,available,10.98,15.98,high,low,5,namecheap,,,25/09/2026 05:32
923c284e-cf29-4d58-96de-4a8c4913073e,reductive.tel,premium,10.62,10.62,high,medium,9,namesilo,,,09/09/2026 12:25
81d5ffb4-db99-403f-ab49-102b8af7e546,geographic.tel,premium,10.62,10.62,high,low,10,namesilo,,,18/08/2026 22:27
864ac427-9ffb-475a-9e29-19a59862497c,strange.tel,available,10.99,,high,low,7,name.com,,,
792636f7-910d-430d-b035-6dd831c1671a,risque.tel,available,10.98,15.98,medium,low,6,namecheap,,,18/08/2026 20:02
c3083dd5-beab-449b-a45a-1d3f7983862e,anesthesia.tel,available,10.79,10.79,high,low,10,namesilo,,,
421c19ed-3601-45e7-aec2-bfce51786f0a,aries.tel,premium,10.62,10.62,high,low,5,namesilo,,,20/09/2026 05:23
a4c3e42f-8126-4294-8f14-2ad11c8141e1,remembrances.tel,premium,10.62,10.62,medium,low,12,namesilo,,,19/09/2026 23:41
459e18af-3720-48dc-bcd7-4c506a6d2753,notifies.tel,premium,10.62,10.62,medium,low,8,namesilo,,,18/09/2026 08:35
915b1678-b22c-4a4a-bb04-00598f4face1,radish.tel,available,10.98,15.98,high,low,6,namecheap,,,24/09/2026 20:53
d7603f7d-f859-4c09-a3e6-c0d014c8c80a,procedural.tel,premium,10.62,10.62,high,low,10,namesilo,,,09/09/2026 02:31
1d02dbb8-7dc9-41f2-9f4e-7345568cb3ec,marvellous.tel,premium,10.62,10.62,high,low,10,namesilo,,,25/09/2026 00:14
2ba7b1fb-ecd5-4f2e-80bd-4a437787153e,crashed.tel,available,9.49,9.49,low,low,7,spaceship,,,27/09/2026 11:29
3914af59-d51f-4bbc-9344-450fe2d98f2b,erogenous.tel,premium,10.62,10.62,high,low,9,namesilo,,,17/08/2026 12:28
82bd50a0-d42d-449b-94f4-076622d7dd3f,clammy.tel,premium,10.62,10.62,medium,low,6,namesilo,,,12/08/2026 09:23
b3afae79-f9a2-4f55-b46d-eb064776540b,pretence.tel,premium,10.62,10.62,high,low,8,namesilo,,,25/09/2026 16:31
2c2ac53d-c563-4e7d-a05a-5fe1a902ed8e,citified.tel,premium,10.62,10.62,medium,low,8,namesilo,,,12/08/2026 08:47
62960690-c93e-4cd8-bddb-b85348984179,marriage.tel,available,,,high,low,8,,,,
9c99190c-3c89-4803-926f-703727c38214,arethusa.tel,premium,10.62,10.62,medium,low,8,namesilo,,,20/09/2026 04:04
c4db8497-5fec-4fd9-b0f2-f4e8790be02f,umbilical.tel,premium,10.62,10.62,high,low,9,namesilo,,,11/09/2026 23:00
62816e41-0fb0-4d40-815b-5ab485b7f3e6,position.tel,premium,10.62,10.62,high,low,8,namesilo,,,19/09/2026 04:25
b803d7b0-921d-4bef-8ff0-dcc0fa74882e,beatniks.tel,available,10.98,15.98,medium,low,8,namecheap,,,22/09/2026 21:34
fa135db3-5e4e-40c5-9b60-3f6e60c0c48f,knew.tel,premium,24.42,,medium,low,4,name.com,,,
627005d7-fc81-44de-aa81-ceee72d50661,trilled.tel,available,10.98,15.98,high,low,7,namecheap,,,09/09/2026 18:19
479c65e4-c901-45b7-b0c8-0f341f60f23e,airy.tel,premium,24.42,10.99,high,low,4,name.com,,,
c1cdfcb2-90c8-4162-985c-cc60a176275a,shapely.tel,premium,10.62,10.62,high,low,7,namesilo,,,10/09/2026 05:57
8135836c-a45a-4838-bd9b-54be5b138772,subnormal.tel,premium,10.62,10.62,medium,low,9,namesilo,,,11/09/2026 00:28
b5e783fb-f184-4717-907e-34957d448d0f,aural.tel,premium,10.62,10.62,high,low,5,namesilo,,,22/09/2026 12:49
c0e4ddb8-ed5a-4055-b24a-6b148776f4e3,patients.tel,available,10.98,15.98,high,low,8,namecheap,,,25/09/2026 21:13
d0998d34-5dab-472d-855e-f6b00a69cd94,favored.tel,available,10.98,15.98,high,low,7,namecheap,,,22/09/2026 20:01
6d2e34fa-0493-457e-8b55-b3cb3bf85f49,dollarfish.tel,available,10.98,15.98,medium,low,10,namecheap,,,20/09/2026 21:42
f798cfe2-a282-48ab-9c31-911420fc466e,delineated.tel,premium,10.62,10.62,medium,low,10,namesilo,,,14/08/2026 00:37
581a4638-269e-40c2-9308-a41e3a454dce,react.tel,premium,10.62,10.62,high,low,5,namesilo,,,27/09/2026 06:05
6075a493-2c28-4890-a889-0d8a4121d0d5,assurgent.tel,premium,10.62,10.62,medium,low,9,namesilo,,,07/08/2026 08:26
816c63cb-c852-4ca8-b824-8b4af1564890,westerly.tel,premium,10.62,10.62,medium,low,8,namesilo,,,13/09/2026 10:53
d1366ec2-e291-4e02-9112-10825e706419,bonney.tel,premium,10.62,10.62,medium,low,6,namesilo,,,23/09/2026 16:28
6c94dedf-883f-4a12-b479-d40430aaa36b,shambolic.tel,premium,10.62,10.62,medium,low,9,namesilo,,,10/09/2026 05:51
2c608aa9-fe10-4935-92f1-9a57c2f04564,dynamic.tel,resell,10.99,10.99,high,low,7,Dynadot Inc,05/07/2026 13:51,05/07/2027 13:51,26/09/2026 05:43
01600f78-b6c0-44e9-8eb5-75d51cec396a,pushkin.tel,premium,10.62,10.62,high,low,7,namesilo,,,18/09/2026 05:07
dfb530ba-c7a2-41b8-b480-1cbb55485a4c,segmental.tel,premium,10.62,10.62,medium,low,9,namesilo,,,24/08/2026 21:41
15eb8d45-6ff7-438b-82cb-081e6b78582c,spheric.tel,premium,10.62,10.62,medium,low,7,namesilo,,,08/08/2026 10:16
a6da26c7-e6d7-46fe-870f-7c67dfd7712e,scaly.tel,premium,10.62,10.62,medium,low,5,namesilo,,,23/08/2026 00:05
3da210bc-d7f3-402d-92fd-24296878773a,issues.tel,available,10.98,15.98,medium,low,6,namecheap,,,25/09/2026 21:11
ee6c8ecd-8aa9-46be-b7f1-d36846fcbf45,analphabet.tel,premium,10.62,10.62,medium,low,10,namesilo,,,
cabb6076-9e14-41a1-8872-f08ccd565cca,nominee.tel,available,10.79,10.79,high,low,7,namesilo,,,
283a489b-6f96-4c0b-b31a-d1ceb5636b30,hock.tel,premium,26,11.7,high,low,4,namecheap,,,09/09/2026 16:33
c8d35290-cdc7-4ce0-845c-660bcf05de88,agapanthus.tel,available,10.98,15.98,medium,low,10,namecheap,,,17/09/2026 16:11
1633b308-1fe8-4107-9053-93ad3e4ca291,pluperfect.tel,premium,10.62,10.62,medium,low,10,namesilo,,,08/09/2026 22:00
65fbe3bd-2ced-496f-9fa6-fecb5b73a658,telly.tel,premium,10.62,10.62,high,low,5,namesilo,,,24/09/2026 06:44
7b4a7765-f043-46fa-b15e-7a115fd867b3,one.tel,resell,,,high,medium,3,"GoDaddy.com, LLC",03/02/2009 15:03,22/03/2027 23:59,26/09/2026 07:53
7ba21b57-4205-48f1-8037-b3dad764c078,pies.tel,premium,24.42,,medium,low,4,name.com,,,
6c76eefe-1252-4854-aad6-bd6f2b07af51,immortal.tel,available,10.98,15.98,high,low,8,namecheap,,,21/08/2026 21:12
1b7585e6-6c34-4951-8bfe-8aa18d7b67a9,personality.tel,premium,10.62,10.62,high,low,11,namesilo,,,25/09/2026 16:45
15b6e53a-eaf9-4369-998d-b762ae03e9d0,paperlike.tel,premium,10.62,10.62,low,low,9,namesilo,,,12/08/2026 02:45
f9dd174a-cb41-4b98-8796-e2be92e0f300,delinquent.tel,premium,10.62,10.62,medium,low,10,namesilo,,,14/08/2026 00:42
b3d64c3c-5463-4601-bf82-ba11bbea835b,djiboutian.tel,premium,10.62,10.62,medium,low,10,namesilo,,,14/08/2026 14:08
747a2ca8-1c19-460e-bc9d-1216af985139,androgen.tel,premium,10.62,10.62,medium,low,8,namesilo,,,19/09/2026 04:53
27620de9-28eb-497a-89c6-a4add2ce8800,dataflows.tel,premium,10.62,10.62,medium,low,10,namesilo,,,21/09/2026 05:22
4f65d498-ffd6-4b90-918e-5f058c9d0fe7,adnexa.tel,premium,10.62,10.62,medium,low,6,namesilo,,,17/09/2026 09:05
2d816fd0-a83c-4bf1-88a0-2de8ea864e09,splay.tel,premium,10.62,10.62,medium,low,5,namesilo,,,10/09/2026 16:06
1e07870c-3d14-457b-9d16-1996aa621160,loftily.tel,premium,10.62,10.62,medium,low,7,namesilo,,,15/09/2026 12:38
c955c1ad-d6f2-429a-9c02-9de666815a2b,zithromax.tel,available,10.98,15.98,medium,low,9,namecheap,,,21/09/2026 11:16
2a6fbae0-1398-420a-91c4-d174ac0b4066,ambiguous.tel,premium,10.62,10.62,high,low,9,namesilo,,,
0c1a10a6-7fb5-4ddf-8f69-c330289566a0,unlabeled.tel,premium,10.62,10.62,medium,low,9,namesilo,,,12/09/2026 14:28
46fd0154-ea26-45b8-b011-40d5fd4fddcf,occasion.tel,available,10.79,10.79,high,low,8,namesilo,,,
a4b11c3e-f73d-4d49-b434-dd6f44b0b6cd,lapsing.tel,premium,10.62,10.62,medium,low,7,namesilo,,,09/09/2026 16:15
aa3b6c7e-9ff1-4b73-b764-4e3105d225a1,atonement.tel,premium,10.62,10.62,high,low,9,namesilo,,,21/09/2026 00:28
4e88a920-50c3-4858-b714-5cf38e465dea,sculpt.tel,available,10.98,15.98,high,low,6,namecheap,,,20/08/2026 18:43
be606d07-0346-4e1f-afed-9dff8f4066e5,redevelopment.tel,premium,10.62,10.62,medium,low,13,namesilo,,,20/09/2026 23:43
f51fe105-7210-46b7-87fd-aee546432689,jocular.tel,premium,10.62,10.62,high,low,7,namesilo,,,22/08/2026 12:57
dede32c8-0f52-4078-b961-87400d68cc49,armorer.tel,available,10.98,15.98,medium,low,7,namecheap,,,20/09/2026 07:29
29880d62-3589-4c62-9ab3-471fa96068c1,burnish.tel,premium,10.62,10.62,high,low,7,namesilo,,,08/09/2026 23:02
04e12176-8f91-4541-834e-2689c717981e,sequence.tel,premium,10.62,10.62,high,low,8,namesilo,,,24/09/2026 14:56
91136d3a-3cba-4d69-92de-4df597973123,acardia.tel,available,10.98,15.98,medium,low,7,namecheap,,,16/09/2026 21:17
76b23dd5-fddf-470b-83a2-5f67c919c6c5,nebulose.tel,premium,10.62,10.62,medium,low,8,namesilo,,,12/08/2026 12:43
fc9258f5-93ee-41a4-8f26-a5d73f420b82,allegro.tel,premium,10.62,10.62,high,low,7,namesilo,,,22/09/2026 01:21
ef792575-a468-4452-84ef-301c52f02e9a,corregidor.tel,premium,10.62,10.62,medium,low,10,namesilo,,,22/09/2026 13:13
6a554d6e-d509-4e59-a6ef-10cc7a8bf8a5,topless.tel,available,10.98,15.98,medium,low,7,namecheap,,,08/08/2026 18:33
9db28477-dd7b-4977-ad99-a956010cc2b9,textbook.tel,available,10.98,15.98,high,low,8,namecheap,,,23/09/2026 13:09
4e11b960-df5d-492c-bb03-71867f4f153b,stonewalls.tel,available,10.98,15.98,low,low,10,namecheap,,,20/09/2026 14:03
bb1c7946-7da2-4b58-9c34-f273c6a75817,length.tel,available,10.79,10.79,high,low,6,namesilo,,,
16768b24-e648-4181-8f5a-b6557f98970f,insist.tel,available,10.79,10.79,high,low,6,namesilo,,,
84a41bbd-d708-4b50-9292-7911127aef52,opposed.tel,premium,10.62,10.62,high,low,7,namesilo,,,04/09/2026 16:45
4cc35726-99b2-462c-964b-ca256a44764f,ported.tel,premium,10.62,10.62,high,low,6,namesilo,,,20/09/2026 15:39
b8ff6200-3817-4021-be1a-23d2e1ac57a3,actuarial.tel,available,10.98,15.98,high,low,9,namecheap,,,
5d827823-098c-470c-8eba-44217ed24788,brace.tel,premium,10.62,10.62,high,low,5,namesilo,,,11/08/2026 00:41
77f76536-20be-416d-ae3d-32d6bbebe5ba,blat.tel,premium,24.42,10.99,medium,low,4,name.com,,,10/08/2026 13:38
3abb16d8-8d58-4df0-b7fa-970eef06b7b6,silkily.tel,premium,10.62,10.62,medium,low,7,namesilo,,,16/09/2026 01:51
56efd419-1765-4e1d-85e8-55b31ca74bb7,accrued.tel,premium,10.62,10.62,medium,low,7,namesilo,,,
a1c479ef-5aca-436e-b338-592080cb8dfd,infidel.tel,premium,10.62,10.62,medium,low,7,namesilo,,,18/08/2026 21:58
b482d68f-4eac-4507-a34e-a1009682cbe5,pawpaw.tel,premium,10.62,10.62,high,low,6,namesilo,,,20/09/2026 14:11
b04fd2bc-ad17-46db-aa70-16cca1dc002f,funky.tel,premium,10.62,10.62,high,low,5,namesilo,,,18/08/2026 02:27
13e37f19-2479-4a36-a818-31a2edd5c531,adipose.tel,premium,10.62,10.62,medium,low,7,namesilo,,,
bf461180-ebd0-48db-8f7d-18abcc0c3912,conserved.tel,premium,10.62,10.62,high,low,9,namesilo,,,12/08/2026 22:38
96409a46-a192-4138-8d68-8db9cbccb360,alleviator.tel,premium,10.62,10.62,high,low,10,namesilo,,,04/09/2026 23:48
95173b45-fa41-4a34-9567-0e70c8faccd1,indic.tel,premium,10.62,10.62,medium,low,5,namesilo,,,22/08/2026 03:16
b1aff6a4-60e0-4fa1-9971-db608ed79651,caption.tel,premium,10.62,10.62,high,low,7,namesilo,,,24/09/2026 12:41
1ee79e94-340b-482f-990a-ba12b8f8a398,autoerotic.tel,available,10.98,15.98,medium,low,10,namecheap,,,07/08/2026 20:01
4ec46283-0b41-4f37-8ada-1a71b0f50b63,fishtail.tel,available,10.79,10.79,medium,low,9,namesilo,,,
7c893ea5-b8ce-41c8-9206-c69f66c68571,sapphirine.tel,available,10.98,15.98,high,medium,10,namecheap,,,09/09/2026 21:22
a652bdbe-991e-48dd-a445-fcc11b88b7a3,binomial.tel,premium,10.62,10.62,high,low,8,namesilo,,,10/08/2026 00:30
0d375f68-e4ea-496d-81d7-426dbea52390,tofu.tel,premium,26,11.7,high,low,4,namecheap,,,22/09/2026 20:09
cd15ab4d-08b3-4f9e-846e-b98022abff74,execrable.tel,premium,10.62,10.62,medium,low,9,namesilo,,,
17faf52a-3395-4a64-99e9-c2d65435f89d,handless.tel,premium,10.62,10.62,medium,low,8,namesilo,,,11/08/2026 10:12
81d0dd25-aa6e-4e89-9ddd-f7c73b5f98a5,alcaeus.tel,premium,10.62,10.62,medium,low,7,namesilo,,,18/09/2026 03:40
ad23042b-b4ab-40dd-b478-e1c8e43cc532,brooding.tel,premium,10.62,10.62,high,low,8,namesilo,,,11/08/2026 05:52
4552c65e-b0b3-48e1-9a00-78827163e598,tame.tel,premium,26,11.7,high,low,4,namecheap,,,11/09/2026 07:40
eef8a15f-737e-471c-ba55-c9c70f64ade1,nonesuch.tel,available,10.98,15.98,medium,low,8,namecheap,,,03/09/2026 20:13
e79c6f3e-1594-4e3d-9c34-6e9210ce8be2,manioc.tel,premium,10.62,10.62,medium,low,6,namesilo,,,23/09/2026 22:51
54850b94-5f36-43db-974f-bcc6503a3017,sarah.tel,resell,,,high,low,5,Porkbun,03/03/2026 21:36,03/03/2027 21:36,26/09/2026 08:49
32f08b00-11f7-46c2-b9bc-895841cf1c17,impulsive.tel,premium,10.62,10.62,high,low,9,namesilo,,,11/08/2026 01:34
4ecfc9c0-2541-4958-8f97-74ba83991cd9,acclivity.tel,premium,10.62,10.62,medium,low,9,namesilo,,,16/09/2026 22:40
af409c0b-0983-4c70-a797-b4d590262811,ventolin.tel,available,10.99,10.99,medium,low,8,name.com,,,18/09/2026 03:33
17edea5a-8e2a-49bb-9559-18db4ac478a0,ransacked.tel,premium,10.62,10.62,medium,low,9,namesilo,,,24/08/2026 09:49
2bd867a9-9b9d-42ef-aafe-b91964a711c7,coherently.tel,available,10.79,10.79,medium,low,10,namesilo,,,
4a40abc6-d250-4687-9710-b7b8636f983f,rolled.tel,available,10.98,15.98,high,low,6,namecheap,,,18/08/2026 18:46
3aea408c-b7ca-4508-bfca-5c89f1912529,discreetly.tel,premium,10.62,10.62,medium,low,10,namesilo,,,14/09/2026 13:04
c23d97a5-dfd8-4cb8-9b5a-7242f8ee2dd8,malar.tel,premium,10.62,10.62,medium,low,5,namesilo,,,13/09/2026 15:43
82f0a239-c3e8-4574-ad3d-a56a1915219d,recklessly.tel,premium,10.62,10.62,medium,low,10,namesilo,,,15/09/2026 22:49
de4769e1-8b79-4576-86e3-3d01665123bc,backchat.tel,premium,10.62,10.62,high,low,8,namesilo,,,21/09/2026 15:20
23fc61fc-26f6-41d1-9ad5-c69f654df686,gaelic.tel,premium,10.62,10.62,high,low,6,namesilo,,,11/08/2026 23:40
a946daba-1ed7-4892-9916-44795247dddf,orleans.tel,available,10.79,10.79,high,low,7,namesilo,,,
1400a3e1-5166-454d-8045-319388951fda,benet.tel,premium,10.62,10.62,high,low,5,namesilo,,,23/09/2026 07:58
aab214a2-a662-41b6-93dc-d0379e5d0a67,adversity.tel,premium,10.62,10.62,high,low,9,namesilo,,,17/09/2026 10:54
d4f8618a-7426-457a-ba79-38cf9ea2e530,morose.tel,premium,10.62,10.62,medium,low,6,namesilo,,,20/08/2026 15:01
0d1d5d25-b0e6-42b4-8fcc-6ef80daf0461,punic.tel,available,10.98,15.98,medium,low,5,namecheap,,,11/08/2026 19:51
62d4eee0-ec8f-48e4-9211-a0c4778efa85,bounden.tel,premium,10.62,10.62,medium,low,7,namesilo,,,10/08/2026 21:56
9843a2ea-a276-4c11-b030-8a6ca7dc1f02,faa.tel,premium,650,11.7,high,low,3,namecheap,,,25/09/2026 05:50
734e7ae8-15a5-4a97-a6cc-d1c8d15e98c1,vestigial.tel,premium,10.62,10.62,medium,low,9,namesilo,,,13/09/2026 04:54
0393dfe0-75a8-4c98-be55-ff3042d52960,annotation.tel,premium,10.62,10.62,high,low,10,namesilo,,,19/09/2026 10:38
df35c26a-b9b0-4484-9c44-a80035105f5a,isthmian.tel,premium,10.62,10.62,medium,low,8,namesilo,,,22/08/2026 11:34
5ab2d91e-14f2-4f95-a01b-2c89ded1e809,juridical.tel,premium,10.62,10.62,medium,low,9,namesilo,,,22/08/2026 14:40
a7038e63-72ff-458e-a8f9-1c3702945e72,issus.tel,premium,10.62,10.62,medium,low,5,namesilo,,,22/09/2026 15:11
5f116698-f58e-430e-980a-d0ed1ced9078,screamer.tel,available,10.98,15.98,high,low,8,namecheap,,,22/09/2026 17:00
df750e9c-1f81-43d4-9d98-44fec3e5b810,traumatic.tel,available,10.98,15.98,high,low,9,namecheap,,,11/09/2026 19:03
c64fdc4c-d8be-409a-b3bd-582655dbea92,sailed.tel,premium,10.62,10.62,high,low,6,namesilo,,,17/09/2026 07:33
10a2799a-78b7-4bc0-979b-b1bbf8dbea58,voluntarily.tel,available,10.79,10.79,high,low,11,namesilo,,,
f73a87d8-ada0-4a38-82a2-c98f4bc432a3,jarring.tel,premium,10.62,10.62,medium,low,7,namesilo,,,22/08/2026 12:26
75cddee5-1529-4922-91a5-dc01f04955ab,unsightly.tel,available,10.98,15.98,medium,low,9,namecheap,,,12/09/2026 19:53
964e3cd2-e1a3-4917-bfad-d54f204504d8,lavishly.tel,premium,10.62,10.62,medium,low,8,namesilo,,,15/09/2026 11:03
eb2a2a50-735f-45ff-a4c0-b005f9ea988c,pochard.tel,premium,10.62,10.62,medium,low,7,namesilo,,,21/09/2026 10:48
7f039c28-ad01-4dfa-9806-0ed99c6290e9,tolerate.tel,premium,10.62,10.62,high,low,8,namesilo,,,24/09/2026 10:45
a3086b73-4375-4dd8-abb3-f0b6f9cb353c,scripture.tel,available,10.98,15.98,high,low,9,namecheap,,,23/09/2026 12:48
8bae24ff-0a80-4018-8f3d-364d055098ec,perverted.tel,premium,10.62,10.62,medium,low,9,namesilo,,,14/08/2026 02:36
c118c209-5044-4f2a-b4e4-0902193e31e3,heel.tel,premium,24.42,,high,low,4,name.com,,,
81a981cc-ae6c-4458-9038-fcb2c9474002,vigilantly.tel,premium,10.62,10.62,medium,low,10,namesilo,,,16/09/2026 10:54
fac3c461-e561-4564-a463-94a577e99745,winged.tel,premium,10.62,10.62,high,low,6,namesilo,,,13/09/2026 12:29
49b15a9c-8ab0-48dc-ab80-0514011edd2a,sweatshirt.tel,available,10.79,10.79,high,low,10,namesilo,,,
8a1b9a14-a004-41da-b791-40185baff994,steadied.tel,available,10.98,15.98,medium,low,8,namecheap,,,10/09/2026 19:30
5ef80458-9984-408f-b464-0e518edbf6e7,employ.tel,available,,,high,low,6,,,,
199d10a5-4a6d-4db7-bc85-a6ad735ff549,valueless.tel,premium,10.62,10.62,medium,low,9,namesilo,,,13/09/2026 01:01
c54b7fba-37b9-4dd0-b4aa-c15f041ac2b4,snapping.tel,available,10.79,10.79,high,low,8,namesilo,,,
bdb5e7d4-08b4-4ca5-a649-1d93694a359c,stolen.tel,premium,10.62,10.62,high,low,6,namesilo,,,26/09/2026 00:36
a1c3d571-675a-4310-9fe0-03e25e66a34a,clay.tel,premium,24.42,,high,low,4,name.com,,,
fb83e6ef-d278-4016-8e97-484b6b6897c5,bellarmine.tel,premium,10.62,10.62,medium,low,10,namesilo,,,23/09/2026 05:54
37a9b75a-21e0-4644-a30e-7dc3e80e4c18,wiggly.tel,premium,10.62,10.62,high,low,6,namesilo,,,10/09/2026 08:40
ccb7ba3a-b000-4382-a909-031ad6b81725,epicurean.tel,premium,10.62,10.62,high,low,9,namesilo,,,17/08/2026 10:40
94a4a8b4-4dc8-4fda-b5e9-c881d2db2400,frilly.tel,premium,10.62,10.62,medium,low,6,namesilo,,,18/08/2026 15:51
09e6b3c8-47be-46a6-8254-897695557114,abilities.tel,premium,10.62,10.62,high,low,9,namesilo,,,17/09/2026 04:45
82864153-2675-44e3-b274-aec541751ec6,comforting.tel,premium,10.62,10.62,high,low,10,namesilo,,,12/08/2026 03:43
aae2001f-349f-4231-86f4-7df302b1b42c,blazing.tel,premium,10.62,10.62,high,low,7,namesilo,,,10/08/2026 13:33
75606d7a-a46c-423b-a066-7e8f376385e5,glabrous.tel,premium,10.62,10.62,medium,low,8,namesilo,,,19/08/2026 00:03
75e99a13-0940-43a9-8bd5-eee74e0d4fc0,rummy.tel,premium,10.62,10.62,high,low,5,namesilo,,,13/08/2026 11:16
cc2d00e2-99f4-4151-a351-0b0332b542ce,antichrist.tel,premium,10.62,10.62,medium,low,10,namesilo,,,19/09/2026 14:15
b2a51719-990a-4bab-bb34-fe6076991e1e,atlanta.tel,premium,650,11.7,high,low,7,namecheap,,,20/09/2026 21:31
2f156313-0348-4f07-932a-c8abf6c9ea70,silvern.tel,premium,10.62,10.62,high,medium,7,namesilo,,,10/09/2026 08:13
8f31754b-c334-4ba8-ad78-e3b43cf86cf3,taxes.tel,premium,1221,,medium,low,5,name.com,,,
d9b455c5-4294-4bd6-935e-bb925930303f,backplate.tel,premium,10.62,10.62,high,low,9,namesilo,,,21/09/2026 15:46
58fe750d-6e24-451f-8dca-2a4109bc0c49,abrachia.tel,premium,10.62,10.62,medium,low,8,namesilo,,,16/09/2026 16:47
3bc42cca-700a-4233-8ef0-bc61728424d4,baghdad.tel,available,10.79,10.79,medium,low,7,namesilo,,,
06777876-ce6d-41b0-932d-2b67c8cfcc8b,horns.tel,premium,10.62,10.62,medium,low,5,namesilo,,,17/09/2026 08:11
307b31a1-d0f3-4609-adfe-dcce657d80bf,crazed.tel,premium,10.62,10.62,medium,low,6,namesilo,,,13/08/2026 05:31
3ebcc5b5-d2f8-43ba-a4f1-4f41b77f30bd,insightful.tel,premium,10.62,10.62,high,low,10,namesilo,,,22/08/2026 07:06
12645057-1a3b-41b3-b486-c4eb74e1cfb3,uncooked.tel,premium,10.62,10.62,medium,low,8,namesilo,,,12/09/2026 06:09
15f02684-0771-4c4a-9be7-7d20ed5158da,uppermost.tel,available,10.98,15.98,medium,low,9,namecheap,,,11/09/2026 17:48
47580052-fe78-4eaa-962b-18af6e1ff5a2,unprompted.tel,premium,10.62,10.62,medium,low,10,namesilo,,,21/08/2026 23:28
18ae79df-4f9b-45ea-a393-cf1fc72fa5d1,dogsit.tel,available,10.79,10.79,high,low,6,namesilo,,,
7bfb212b-5e4f-427b-a181-6455c4b78d04,arrives.tel,premium,10.62,10.62,medium,low,7,namesilo,,,20/09/2026 01:05
371ca9ce-d60e-45ec-a0d5-b82b1dea8be3,mutant.tel,premium,10.62,10.62,high,low,6,namesilo,,,03/09/2026 11:39
dbdcb80b-1523-48a5-8acc-0a1be1e76bcf,dedication.tel,premium,10.62,10.62,high,low,10,namesilo,,,18/09/2026 10:32
a13821f5-4e49-412a-98e1-530276b5ecf1,continual.tel,available,10.98,15.98,high,low,9,namecheap,,,23/09/2026 22:10
258d922b-48f5-44f1-a138-29f843769468,coexisting.tel,premium,10.62,10.62,medium,low,10,namesilo,,,12/08/2026 15:32
6af12fe1-7a1e-4e54-acc5-d886c31942c7,lax.tel,premium,610.5,10.99,high,low,3,name.com,,,22/08/2026 21:22
0975d92e-7081-4d71-8ebe-89889a72951c,bernhardt.tel,premium,10.62,10.62,medium,low,9,namesilo,,,23/09/2026 09:55
fdbd86f4-88ca-4a53-b35a-e1621048cff1,xmas.tel,premium,305.25,,high,low,4,name.com,,,
36325546-a75c-47b9-99da-ea69621ac727,hazel.tel,premium,24.42,10.99,high,low,5,name.com,,,21/08/2026 01:45
7e548218-bc35-4485-9e65-559a54fff2b8,sparkly.tel,premium,10.62,10.62,high,low,7,namesilo,,,
17add43c-475e-4167-afe9-26b72dd8d7ba,defendable.tel,premium,10.62,10.62,high,low,10,namesilo,,,13/08/2026 23:09
8d03dacd-109e-4539-817d-6f7e67cb791b,mutualist.tel,premium,10.62,10.62,high,low,9,namesilo,,,22/08/2026 07:59
bfd5d922-bd90-4c13-a368-b0b0bccad355,haywire.tel,available,10.98,15.98,medium,low,7,namecheap,,,
a96cc518-183d-4328-aaff-4ee97f94ef5e,childhood.tel,available,10.79,10.79,high,low,9,namesilo,,,
e140188b-d445-414f-bb4f-79ebfac21688,offensive.tel,premium,10.62,10.62,high,low,9,namesilo,,,14/08/2026 22:05
bffeecad-e8ac-4013-b649-8ad8aa2d66bd,assouan.tel,available,10.98,15.98,medium,low,7,namecheap,,,20/09/2026 16:37
28e31328-bf42-43c0-876e-0bffc6f44015,eternal.tel,premium,10.62,10.62,high,medium,7,namesilo,,,21/09/2026 22:47
86d39ada-10fc-4f0a-b084-f46f01625399,hereabouts.tel,premium,10.62,10.62,medium,low,10,namesilo,,,15/09/2026 00:20
abcc4fcb-e1f2-442b-b82d-5830a53fa565,heaps.tel,premium,10.62,10.62,high,low,5,namesilo,,,14/09/2026 23:17
62e00897-0d3c-4e04-9222-2cb21d4a0828,followers.tel,premium,10.62,10.62,high,low,9,namesilo,,,18/08/2026 10:24
affbcc1a-4824-4932-9a48-fdb29c955867,efficient.tel,premium,10.62,10.62,high,low,9,namesilo,,,25/09/2026 22:12
daaf0058-73af-40d3-a730-71485b9d7c3f,tatty.tel,premium,10.62,10.62,medium,low,5,namesilo,,,18/08/2026 06:42
b60b0ac8-456a-411e-ac9e-f0f8726c9a78,conduct.tel,available,10.98,15.98,high,low,7,namecheap,,,23/09/2026 03:13
8b3bd823-5753-482c-be7f-fea45570217d,hispanic.tel,premium,10.62,10.62,high,low,8,namesilo,,,21/08/2026 09:44
edbe938c-d177-46bb-a80f-4507ce6e0a26,nourish.tel,premium,10.62,10.62,high,low,7,namesilo,,,18/09/2026 07:58
42de6eda-37a5-4484-abf3-30de455c2e71,bacitracin.tel,available,10.98,15.98,high,low,10,namecheap,,,21/09/2026 14:25
b2832e2c-df78-4b24-a27c-d2c28643b71b,balletic.tel,premium,10.62,10.62,high,low,8,namesilo,,,08/08/2026 10:26
1676f3e1-a2a9-4505-884b-a90dfa7d4e83,heavens.tel,available,10.98,15.98,high,low,7,namecheap,,,16/08/2026 21:00
b45cf4eb-8489-484b-9fee-b237bdbf03b2,scrutinise.tel,premium,10.62,10.62,medium,low,10,namesilo,,,21/09/2026 03:07
09dd6adb-3c0e-4542-8bb4-9cfac33c8dcd,picaresque.tel,available,10.98,15.98,high,medium,10,namecheap,,,08/09/2026 19:30
f0428ada-9d42-4ff0-b9dc-b541000e09ff,tingling.tel,premium,10.62,10.62,high,low,8,namesilo,,,11/09/2026 15:29
5a04240c-fe08-4dc5-a16e-fb078c667702,baldr.tel,available,10.98,15.98,medium,low,5,namecheap,,,21/09/2026 21:35
73ac0085-2132-4de0-9780-ca6a7946546b,buck.tel,premium,24.42,,high,low,4,name.com,,,
2535aaeb-2fb7-484f-a941-1ee08f7dc363,overactive.tel,premium,10.62,10.62,medium,low,10,namesilo,,,21/08/2026 16:42
d003811b-89dc-48f0-b942-432e122b6132,colly.tel,premium,10.62,10.62,medium,low,5,namesilo,,,14/08/2026 09:17
4aaf3562-7e6f-4bfc-985f-5582fd9690c8,squatty.tel,premium,10.62,10.62,medium,low,7,namesilo,,,24/08/2026 10:38
014441ca-c857-4b0d-b16e-d0ba35e3c635,affiliation.tel,available,10.79,10.79,high,low,11,namesilo,,,
c019c38c-5fe0-4f59-8b51-a74b5aa27763,surviving.tel,premium,10.62,10.62,high,low,9,namesilo,,,11/09/2026 04:49
64904931-64e2-45d7-b250-1f00000acf01,bubbling.tel,premium,10.62,10.62,high,low,8,namesilo,,,11/08/2026 07:15
21753376-384c-457e-bb88-017279e6210f,sibilant.tel,premium,10.62,10.62,medium,low,8,namesilo,,,12/08/2026 23:18
57e02352-0f26-478c-a1b9-8510d0306543,faded.tel,premium,10.62,10.62,high,low,5,namesilo,,,22/09/2026 11:25
908cd07a-b6f8-48a3-9748-1b9cf9f3cec9,roguish.tel,premium,10.62,10.62,medium,low,7,namesilo,,,10/08/2026 11:58
b7db5075-ec01-4bea-ac3e-f2b8c54efa77,esthesis.tel,premium,10.62,10.62,low,low,8,namesilo,,,17/09/2026 13:28
3051e0d2-80c9-423a-8d0d-c442b0acbc91,drill.tel,available,10.99,10.99,high,low,5,name.com,,,25/09/2026 00:07
635c4ff9-a850-4b0e-9249-81afbd7da9b7,sandwich.tel,available,10.79,10.79,high,low,8,namesilo,,,
0c73435e-47bf-48da-99b5-1d3adc8c8000,abominable.tel,premium,10.62,10.62,medium,low,10,namesilo,,,
d950045f-9a0a-4870-ae62-7004096af377,break.tel,available,10.98,15.98,high,low,5,namecheap,,,22/09/2026 17:01
c8b1c4c4-b96e-43d0-9006-5794260f0636,translating.tel,available,10.98,15.98,medium,low,11,namecheap,,,17/09/2026 20:51
3cd48cd8-6abb-4786-81f6-76b9301d4b22,configured.tel,premium,10.62,10.62,high,low,10,namesilo,,,12/08/2026 20:47
8fe2b991-0b53-40c3-b514-4370670e4c82,nauseating.tel,premium,10.62,10.62,medium,low,10,namesilo,,,24/08/2026 08:23
b812cdd0-4182-404b-ad2e-4c01283ebc5e,unanswered.tel,premium,10.62,10.62,medium,low,10,namesilo,,,12/09/2026 00:43
e075b8c8-b752-4440-be4c-940f13ae49f7,sword.tel,available,10.98,15.98,high,low,5,namecheap,,,25/09/2026 10:46
7deec52b-5cf4-49fd-aef6-ea66a5cf6204,detroit.tel,resell,,,high,low,7,RegistryGate GmbH,03/02/2009 15:05,22/03/2027 23:59,26/09/2026 05:31
eec4f215-ff87-4c8a-8140-193f6bd9542e,senile.tel,premium,10.62,10.62,medium,low,6,namesilo,,,14/08/2026 14:36
509eb18c-a595-4ee6-9967-ffdd2498b383,bidder.tel,premium,10.62,10.62,medium,low,6,namesilo,,,23/09/2026 13:43
66442df2-09d4-4771-83f0-768ef1cdaeea,remarks.tel,available,10.98,15.98,medium,low,7,namecheap,,,18/09/2026 03:12
20083f11-5dc6-4d82-b45c-4a16304a41af,murdered.tel,premium,10.62,10.62,medium,low,8,namesilo,,,03/09/2026 11:02
12c954a1-b9b7-4e3c-a726-018b9c8d6c22,cassette.tel,available,10.79,10.79,high,low,8,namesilo,,,
4cc054e6-af33-43b0-bbfa-7ab67ec01ed3,georgian.tel,premium,10.62,10.62,high,low,8,namesilo,,,18/08/2026 22:37
dd5dfab0-fffe-4aef-949a-f5fc05608420,sleek.tel,premium,10.62,10.62,high,low,5,namesilo,,,18/08/2026 09:13
3877f8af-7952-46b2-8337-0f8c30aa69c8,teamwork.tel,available,10.99,,high,low,8,name.com,,,
21a3df66-4b99-4ff5-94e0-1e8d4a595c07,wishfully.tel,premium,10.62,10.62,medium,low,9,namesilo,,,16/09/2026 11:32
2970265c-e42b-483e-af03-d6e464d274eb,abattis.tel,premium,10.62,10.62,medium,low,7,namesilo,,,16/09/2026 14:11
0adf32cf-613e-476b-b7a7-abed1f9a2fca,anteater.tel,available,10.98,15.98,high,low,8,namecheap,,,16/09/2026 13:25
0eb4b6f4-03bc-44f5-bbc2-159416aa9a9d,capitalism.tel,available,10.79,10.79,high,low,10,namesilo,,,
c9247099-cd26-473d-8499-ec238a53d97c,lame.tel,premium,24.42,10.99,high,low,4,name.com,,,13/08/2026 07:03
eab88fac-18db-4306-884d-6b444e46375a,phase.tel,available,10.79,10.79,high,low,5,namesilo,,,
6d49a2f2-632e-4ded-9577-203b497ad39f,wellbeing.tel,available,10.79,10.79,high,low,9,namesilo,,,
560a9564-69f4-4b20-829c-e2475f3912de,existence.tel,available,10.79,10.79,high,low,9,namesilo,,,
2fb7c1f1-52f5-47cf-a441-1e59b0637a4d,neurotic.tel,premium,10.62,10.62,medium,low,8,namesilo,,,03/09/2026 16:23
d57f81fb-ee42-40d9-8bb5-cf6c20026318,congenial.tel,premium,10.62,10.62,high,low,9,namesilo,,,12/08/2026 21:38
9cbeddee-6207-4c0e-abdc-0ac34e6ada36,consider.tel,premium,10.62,10.62,high,low,8,namesilo,,,24/09/2026 05:21
ff4888eb-8cb7-47f6-af0f-0d747bdbaf79,hears.tel,premium,10.62,10.62,medium,low,5,namesilo,,,18/09/2026 07:47
6783b834-766e-46e2-b3aa-b8a9966ff61f,clicking.tel,available,10.79,10.79,high,low,8,namesilo,,,
fcfaabce-4eab-4f39-ae3f-7648f95687de,testicle.tel,premium,10.62,10.62,medium,low,8,namesilo,,,21/09/2026 22:59
1aa63e15-b9a2-406a-b051-08760490ea9f,suitable.tel,available,10.79,10.79,high,low,8,namesilo,,,
6721f5c9-f360-4b42-b461-8b1cda630479,unquiet.tel,premium,10.62,10.62,medium,low,7,namesilo,,,12/09/2026 17:40
4e249445-6464-4406-9bac-a3bef84eaecd,mongol.tel,premium,10.62,10.62,high,low,6,namesilo,,,25/08/2026 04:45
8d8c6a97-1a77-469e-96e6-6c239857c652,parvenue.tel,premium,10.62,10.62,medium,low,8,namesilo,,,03/09/2026 22:16
65c56795-d5a1-4338-8509-bfc47f9db370,mortars.tel,available,10.98,15.98,low,low,7,namecheap,,,21/09/2026 02:28
7b3ccc77-b0da-45ca-83d9-b8c3276eea5a,midautumn.tel,premium,10.62,10.62,high,low,9,namesilo,,,17/09/2026 10:02
a6a39608-90f9-46b9-a317-b87a314978dc,blond.tel,premium,10.62,10.62,high,low,5,namesilo,,,22/09/2026 22:15
122c5870-5460-416d-8448-44dbc72b3124,voiceless.tel,premium,10.62,10.62,medium,low,9,namesilo,,,05/08/2026 23:23
c0716f59-c036-4fa6-9a79-86ca7a949299,lavish.tel,available,10.98,15.98,high,low,6,namecheap,,,22/08/2026 21:07
a18b932b-a467-43a1-8cd4-7623227db687,eleventh.tel,premium,10.62,10.62,high,low,8,namesilo,,,
8aacb359-c137-4a86-aab6-c6427503c73c,backstroke.tel,premium,10.62,10.62,high,low,10,namesilo,,,21/09/2026 16:09
9a22a1c8-1f6e-474c-a353-0d34438602be,vertical.tel,premium,10.62,10.62,high,low,8,namesilo,,,24/09/2026 14:52
7cff7b3f-182d-4867-aa0d-0777cc6c77b3,formidably.tel,premium,10.62,10.62,medium,low,10,namesilo,,,14/09/2026 19:46
f9d0265b-6b92-479e-a8b0-e3180b44c866,had.tel,premium,610.5,,high,low,3,name.com,,,
cab844a5-6c60-4d60-b30f-5f8d58b3009a,urethral.tel,premium,10.62,10.62,medium,low,8,namesilo,,,12/09/2026 23:35
2cfa052a-1898-442e-9ce3-5c54aa345a2b,surefooted.tel,premium,10.62,10.62,high,low,10,namesilo,,,18/08/2026 10:50
9c0d97b1-5089-4d34-b43a-58f85781189a,renowned.tel,premium,10.62,10.62,high,low,8,namesilo,,,11/08/2026 23:18
95488f3b-ac75-40dc-8afd-52a378546b49,drugless.tel,available,10.98,15.98,medium,low,8,namecheap,,,14/08/2026 20:11
14382507-842a-4143-8531-453444ad5c4f,emphatic.tel,premium,10.62,10.62,high,low,8,namesilo,,,16/08/2026 16:45
e53ae0f3-d0da-4455-baad-12013153d555,alpha.tel,resell,,,high,medium,5,Porkbun,29/05/2025 19:49,29/05/2027 19:49,26/09/2026 03:49
a3c48d07-5e47-4947-897d-98e4c9f50984,lingual.tel,premium,10.62,10.62,high,low,7,namesilo,,,23/08/2026 15:07
f3c35178-1c16-41ff-94ed-b409ff241a05,damaged.tel,available,10.99,10.99,medium,low,7,name.com,,,13/08/2026 16:03
e8caff50-8a85-4c5d-af96-8fde8d8d9795,heated.tel,premium,10.62,10.62,high,low,6,namesilo,,,21/08/2026 02:17
80ac4543-8238-404f-b090-08a541a53063,snakes.tel,available,10.98,15.98,high,low,6,namecheap,,,27/09/2026 06:49
a3596eaa-b857-4400-bb8c-7ea091b62702,vulpine.tel,premium,10.62,10.62,medium,low,7,namesilo,,,13/09/2026 07:26
c1a559fd-583e-44d0-9595-103f0d187784,puglia.tel,premium,325,11.7,high,low,6,namecheap,,,19/09/2026 22:41
997b5330-90cb-43ac-be8e-4ae581df4e20,braille.tel,premium,10.62,10.62,high,low,7,namesilo,,,24/09/2026 08:01
2c88e6fe-0dd1-466c-a605-31ae790bc470,expected.tel,available,10.98,15.98,high,low,8,namecheap,,,17/08/2026 18:04
384ab298-7692-4338-8d5a-4af5f71d3203,apish.tel,premium,10.62,10.62,medium,low,5,namesilo,,,06/08/2026 00:12
987cf715-4486-45f9-8976-9b933300a4e3,organs.tel,available,10.79,10.79,high,low,6,namesilo,,,
a72c05af-c241-4124-875c-fb2df38d5043,underneath.tel,available,10.98,15.98,high,low,10,namecheap,,,16/09/2026 09:57
a80bd7f1-6152-4a91-8885-fa367434ba5e,sculpted.tel,available,10.98,15.98,high,low,8,namecheap,,,20/08/2026 18:50
f722a3c4-2d2e-4abf-887d-30d8f860b4e0,confide.tel,available,10.79,10.79,high,low,7,namesilo,,,
f84a480c-cc8f-4461-9226-71ad936e44c8,puritanic.tel,premium,10.62,10.62,high,medium,9,namesilo,,,09/09/2026 06:20
9e2f5dfd-d7e4-4c0c-9ba4-6aa0d4f31d1e,westside.tel,premium,10.62,10.62,high,low,8,namesilo,,,13/09/2026 11:00
0b951f51-7535-405b-90dc-f511144a14b2,rights.tel,premium,10.62,10.62,medium,low,6,namesilo,,,17/09/2026 03:52
c37fdf01-084a-4258-b576-0fd7f35664d2,alderfly.tel,premium,10.62,10.62,medium,low,8,namesilo,,,18/09/2026 04:32
4441c203-841b-4228-a2c7-500540b975c6,tramontane.tel,available,10.98,15.98,medium,low,10,namecheap,,,11/09/2026 18:48
5e2c0683-219c-4e8e-9984-a8c7a68cfa8b,melt.tel,premium,26,11.7,high,low,4,namecheap,,,25/09/2026 19:16
05b1bbe2-91a7-41a1-ba41-3148464095aa,abusive.tel,premium,10.62,10.62,medium,low,7,namesilo,,,
7105e21b-8200-47f8-9c22-d94268f70ff7,palaver.tel,premium,10.62,10.62,high,low,7,namesilo,,,23/09/2026 23:26
4664a859-bf24-455b-94f7-5cb26ea2445e,diazo.tel,premium,10.62,10.62,medium,low,5,namesilo,,,14/08/2026 06:23
5b08c6a2-5c1e-4f63-b5bb-222fa3e83787,obliging.tel,available,10.98,15.98,high,low,8,namecheap,,,12/08/2026 19:27
e1683a6e-df12-45c1-8bb1-435f04f5cb70,strident.tel,premium,10.62,10.62,high,low,8,namesilo,,,12/08/2026 09:19
3e86bfd2-4933-490c-ab1b-52e3717a5ed7,energising.tel,premium,10.62,10.62,medium,low,10,namesilo,,,17/08/2026 06:43
e96ee6d6-9b91-4e8c-8df1-519961881a48,shrubby.tel,premium,10.62,10.62,medium,low,7,namesilo,,,18/08/2026 17:15
c890dedd-cc12-4d3c-9ff4-2909cd9f4811,moral.tel,available,10.98,15.98,high,low,5,namecheap,,,25/09/2026 21:40
0355fcf3-2041-47d6-9be1-fa5d0caf2c9a,alberti.tel,available,10.98,15.98,high,low,7,namecheap,,,18/09/2026 02:45
aa305575-8472-468b-91c2-b94b831dbc22,evermore.tel,premium,10.62,10.62,high,low,8,namesilo,,,14/09/2026 16:19
3d932d34-2685-4318-bb7b-8cdec4eb32cc,fulbright.tel,available,10.98,15.98,high,low,9,namecheap,,,27/09/2026 04:04
75be6d45-ce7a-4c0b-be2c-6ed378aa8cea,porcine.tel,premium,10.62,10.62,medium,low,7,namesilo,,,21/08/2026 10:21
47783620-16de-4606-b83d-95abf8212315,dwindling.tel,premium,10.62,10.62,medium,low,9,namesilo,,,14/08/2026 21:48
ac71fe09-8470-4986-a331-115afde1fcf0,wholemeal.tel,premium,10.62,10.62,medium,low,9,namesilo,,,13/09/2026 11:17
75ade674-91f3-4420-9e5f-090e2b073861,berceuse.tel,premium,10.62,10.62,high,low,8,namesilo,,,23/09/2026 09:10
e313eaeb-88bf-4df9-940f-765504e08031,smoking.tel,available,10.79,10.79,high,low,7,namesilo,,,
3211bea9-e5aa-435f-ab6f-f0746882f38c,rashes.tel,premium,10.62,10.62,low,low,6,namesilo,,,19/09/2026 21:50
46ca75f2-e8e0-45cc-bfed-a6175011b527,straying.tel,premium,10.62,10.62,medium,low,8,namesilo,,,10/09/2026 22:14
3cc6273c-4b6d-494d-8654-b2e27a2e02ad,mikey.tel,available,10.79,10.79,high,low,5,namesilo,,,
921351ba-e49e-4bf8-9e01-60c1cc2c5276,gumptious.tel,premium,10.62,10.62,medium,low,9,namesilo,,,20/08/2026 20:57
4b512378-29da-40f3-b19b-d6cbb1f11e1a,habitable.tel,available,10.98,15.98,high,low,9,namecheap,,,20/08/2026 21:25
ff796659-42ea-4e2b-9317-d6e1ac9c0e92,islands.tel,resell,,,high,low,7,"GoDaddy.com, LLC",03/02/2009 18:06,22/03/2027 23:59,26/09/2026 06:58
fd554ef5-957e-45d3-9186-c3189011ef55,frontal.tel,premium,10.62,10.62,high,low,7,namesilo,,,18/08/2026 16:15
da1bd897-88dd-40d1-87c8-2edad6e17d89,jingling.tel,premium,10.62,10.62,high,low,8,namesilo,,,08/09/2026 03:33
634c1c1e-3a3e-4df6-8987-e1d56353e6dc,ingredients.tel,premium,10.62,10.62,medium,low,11,namesilo,,,25/09/2026 11:07
af72dcad-ce99-4066-8888-c47c6884ad3e,flush.tel,premium,10.62,10.62,high,low,5,namesilo,,,
50698ab8-6a8e-4923-acbc-5b7105703025,reticent.tel,available,10.98,15.98,medium,low,8,namecheap,,,27/09/2026 12:59
91be2c82-40e2-4a3c-a08b-6e55a0675037,blankly.tel,premium,10.62,10.62,medium,low,7,namesilo,,,14/09/2026 00:13
26a56d01-d01d-4036-8a33-a8f8e5c3f72f,minimized.tel,premium,10.62,10.62,medium,low,9,namesilo,,,24/08/2026 23:53
c8d96ce4-68a9-4b79-b716-f3b2eed742a3,corked.tel,premium,10.62,10.62,medium,low,6,namesilo,,,13/08/2026 01:20
00859a19-3a27-415b-b7e6-1632e95a1730,zestful.tel,premium,10.62,10.62,medium,low,7,namesilo,,,08/08/2026 19:51
62042d3a-d044-421e-be07-098e7d69f6a3,bead.tel,premium,24.42,,high,low,4,name.com,,,
d167f644-1df8-4f82-8dd3-3fa949f08445,kindred.tel,premium,10.62,10.62,high,low,7,namesilo,,,
07bb38a9-0e8f-42fb-9671-c50d6a38f299,heartily.tel,premium,10.62,10.62,high,low,8,namesilo,,,14/09/2026 08:41
4379d49c-d621-481c-8ffa-49cc632acde5,alderman.tel,premium,10.62,10.62,medium,low,8,namesilo,,,18/09/2026 04:34
cc9e1a8f-50b5-4605-9ba2-8349b49beca7,fastidious.tel,premium,10.62,10.62,medium,low,10,namesilo,,,17/08/2026 15:30
eca358f8-a253-480d-af5a-100fe7230da2,booklover.tel,premium,10.62,10.62,high,low,9,namesilo,,,23/09/2026 12:51
a61c080a-12fa-4020-a054-6da4a0ad37d7,garlic.tel,available,10.79,10.79,high,low,6,namesilo,,,
67e935ef-bf65-46d6-9281-2854f113a0c2,semisweet.tel,premium,10.62,10.62,medium,low,9,namesilo,,,10/09/2026 03:29
25a5dfef-b20e-4399-8e03-90b79b4a5b67,millilitre.tel,premium,10.62,10.62,medium,low,10,namesilo,,,11/08/2026 22:55
8a74a85a-60c7-46c5-bc21-dbc3591f22b4,andantino.tel,premium,10.62,10.62,medium,low,9,namesilo,,,
2a220d01-ab51-4412-8483-e1c71fa9457f,shredded.tel,premium,10.62,10.62,high,low,8,namesilo,,,12/08/2026 06:59
7414afef-d60b-4e28-84e6-aa3bcdc38c43,nefarious.tel,premium,10.62,10.62,medium,low,9,namesilo,,,03/09/2026 14:57
fce1ad3e-dc9f-4479-9061-53c9e45f21dc,thief.tel,available,10.99,,high,low,5,name.com,,,
8b8484a3-06a2-4538-9d35-7e0b7c7d40e7,sayonara.tel,premium,10.62,10.62,high,low,8,namesilo,,,17/09/2026 08:15
a850a94e-8632-4772-bdc6-019c30a1d3f1,expose.tel,available,10.79,10.79,high,low,6,namesilo,,,
12dd8dcb-7b16-4376-8c40-88c2988e2b41,swept.tel,premium,10.62,10.62,high,low,5,namesilo,,,11/09/2026 05:44
463374d5-a2e7-4b7d-bf95-4c037433aab9,lade.tel,premium,24.42,10.99,medium,low,4,name.com,,,22/08/2026 18:36
212b956d-a6bf-4345-99b7-8c024aba6632,oversee.tel,available,10.79,10.79,high,low,7,namesilo,,,
eaab115a-5227-4aff-aeb7-3ce78d511468,insurgent.tel,premium,10.62,10.62,medium,low,9,namesilo,,,22/08/2026 07:44
56f503aa-8d7c-455a-8fb3-8ec997c41c6e,arrange.tel,premium,10.62,10.62,high,low,7,namesilo,,,25/09/2026 22:15
5d256935-156b-40ee-9131-f71663f55cc6,antivenin.tel,premium,10.62,10.62,medium,low,9,namesilo,,,19/09/2026 15:16
f9ba1606-58a6-4a1d-b721-5d8da6a9120c,opposite.tel,available,10.98,15.98,high,low,8,namecheap,,,23/09/2026 22:35
3de18fc0-e3c9-4b53-93e7-b4529c670904,voluptuary.tel,premium,10.62,10.62,medium,low,10,namesilo,,,24/08/2026 12:27
613fe0d7-f918-45c1-bd4e-5c66a8b4ae9c,antimony.tel,premium,10.62,10.62,medium,low,8,namesilo,,,19/09/2026 14:45
68754f01-85e7-4e84-8ca1-7abe9f647587,reference.tel,available,10.79,10.79,high,low,9,namesilo,,,
db78ee20-58e5-467b-bcaf-351be037f232,rigid.tel,available,10.99,,high,low,5,name.com,,,
958997bf-37f1-4b0b-a8ab-3173c088d84f,flyaway.tel,premium,10.62,10.62,medium,low,7,namesilo,,,18/08/2026 08:13
a2800efe-3bfb-4d5d-901a-fd84fd1c89b7,headless.tel,premium,10.62,10.62,medium,low,8,namesilo,,,11/08/2026 01:43
ad64c64f-7d85-4bc6-9c48-14fd33317ee9,stereotype.tel,available,10.99,,high,low,10,name.com,,,
39def58f-975d-45c0-a3b1-419c715672d9,nostalgic.tel,premium,10.62,10.62,high,low,9,namesilo,,,03/09/2026 21:59
04c99dcd-60b7-4225-94c2-9563ae376489,chinch.tel,premium,10.62,10.62,medium,low,6,namesilo,,,22/09/2026 22:46
dc2b5642-0047-4bde-a7a9-a10ff4ffcd34,ailurus.tel,available,10.98,15.98,medium,low,7,namecheap,,,17/09/2026 21:19
7fe2ad16-f28e-4397-9bc2-49e7c82d9b7f,pleasant.tel,available,10.98,15.98,high,low,8,namecheap,,,27/09/2026 04:06
4d733f8e-f7f2-4dc2-9c93-34cfd6fe727f,audile.tel,premium,10.62,10.62,medium,low,6,namesilo,,,07/08/2026 16:40
51871e12-bd1e-4594-8742-af63f9396d59,distressed.tel,premium,10.62,10.62,medium,low,10,namesilo,,,14/08/2026 12:16
91fec8c1-7c51-4bc3-8995-803ad2a4f98a,mentoring.tel,premium,10.62,10.62,high,low,9,namesilo,,,26/09/2026 00:53
82b9bd6e-fd38-4e2b-827c-f6cf6081ee86,zoomed.tel,premium,10.62,10.62,medium,low,6,namesilo,,,18/09/2026 03:48
17ef81d8-af8c-4204-a8fd-8410aaf89fd8,emphasize.tel,premium,10.62,10.62,high,low,9,namesilo,,,16/09/2026 21:52
7fc358d6-11e1-474f-bc4e-d7847f4e4c0c,disarray.tel,premium,10.62,10.62,medium,low,8,namesilo,,,24/09/2026 17:15
d6b675db-ce5d-494c-9e60-59510fa524a5,altitude.tel,premium,10.62,10.62,high,low,8,namesilo,,,18/09/2026 14:29
be1f2c4f-e2c6-4b5a-bc51-07051c3c4aeb,unlisted.tel,premium,10.62,10.62,high,low,8,namesilo,,,12/09/2026 14:55
e6603518-7c5c-4be2-a9ff-396b0bfd36ee,cents.tel,available,10.98,15.98,medium,low,5,namecheap,,,18/09/2026 18:36
3753fa8e-8117-4131-8120-6d9cf5c3f197,tippytoe.tel,premium,10.62,10.62,medium,low,8,namesilo,,,11/09/2026 16:22
f30129aa-b81d-4dce-bf80-ed3ab062b06f,comparing.tel,premium,10.62,10.62,high,low,9,namesilo,,,24/09/2026 16:45
241bb003-8663-483f-b9c4-36652396d1bd,aerospace.tel,premium,10.62,10.62,high,low,9,namesilo,,,17/09/2026 13:17
f169b31c-0097-49c7-b98c-8ce193afe13a,sunroof.tel,available,10.99,,high,low,7,name.com,,,
d51d8923-e8a1-431c-93ed-9611fc673799,moonstruck.tel,premium,10.62,10.62,medium,low,10,namesilo,,,24/08/2026 11:18
5c4dbff7-fdba-449b-9e92-88d64d73c7b3,hooligan.tel,premium,10.62,10.62,medium,low,8,namesilo,,,11/08/2026 08:39
2ad3d5a1-0976-4833-8691-590caa19fd00,cosmogenic.tel,premium,10.62,10.62,medium,low,10,namesilo,,,13/08/2026 03:00
fe029172-7149-4171-ac12-153be92f8d82,informers.tel,premium,10.62,10.62,medium,low,9,namesilo,,,21/09/2026 09:19
97bd8c16-1981-4e76-aa65-d36e3b6d0d5a,aerodrome.tel,premium,10.62,10.62,high,low,9,namesilo,,,17/09/2026 12:58
afe71dbd-83b1-4162-8050-a50b98024206,paragon.tel,available,10.98,15.98,high,low,7,namecheap,,,03/09/2026 20:09
bb9feb72-d25c-464b-85c1-c110f24344f2,affects.tel,premium,10.62,10.62,medium,low,7,namesilo,,,20/09/2026 03:57
cf6d75fc-3766-47a5-b400-d414f5188685,authorial.tel,premium,10.62,10.62,medium,low,9,namesilo,,,07/08/2026 16:19
5d0bc1fb-8a3f-49c9-8864-e875f318a74b,redbrush.tel,premium,10.62,10.62,medium,low,8,namesilo,,,18/09/2026 19:44
10cdf4e7-3179-43bf-965f-69df08ec9d97,expanded.tel,available,10.98,15.98,high,low,8,namecheap,,,17/08/2026 17:57
f003b3b8-a76e-4c62-87df-de7227579e7a,panamanian.tel,premium,10.62,10.62,high,low,10,namesilo,,,05/09/2026 00:34
6f44349f-7c6a-4f89-9b80-d7586d1591ef,decade.tel,available,10.99,10.99,high,low,6,name.com,,,21/09/2026 10:56
2c1a7f95-7636-4035-9ec2-152d0fe2237c,phonic.tel,available,10.98,15.98,high,low,6,namecheap,,,08/09/2026 19:06
aea13fdf-4f5d-4b8d-979f-b779a921a293,needle.tel,available,10.79,10.79,high,low,6,namesilo,,,
e5169565-2e7d-4a79-843b-b5bcdb6fe98e,fortunate.tel,premium,10.62,10.62,high,low,9,namesilo,,,18/08/2026 12:47
3c6b3e64-2081-49d3-9789-d1158f40f36f,distrait.tel,premium,10.62,10.62,low,low,8,namesilo,,,14/08/2026 13:10
0d137fe5-b970-4e2f-8004-803167724eb0,problem.tel,available,10.79,10.79,high,low,7,namesilo,,,
2927959a-6ae8-4478-9292-04da95cc9889,managerial.tel,premium,10.62,10.62,high,low,10,namesilo,,,24/08/2026 14:32
f07aa31e-d494-4fd5-88a3-8f17fc31bf7a,sideburns.tel,available,10.79,10.79,high,low,9,namesilo,,,
61112961-4386-4f31-bf34-aeec9a558f8c,negative.tel,premium,10.62,10.62,high,low,8,namesilo,,,24/09/2026 11:09
cf118d7e-ae20-4546-a763-b7c8a5ad45f6,flinty.tel,premium,10.62,10.62,medium,low,6,namesilo,,,18/08/2026 08:18
70ef75b3-1010-4dd3-ab86-9dbfc7df833f,multilane.tel,premium,10.62,10.62,medium,low,9,namesilo,,,03/09/2026 10:43
7b832aef-ea70-409d-9ed9-4a7c95602493,chapter.tel,premium,10.62,10.62,high,low,7,namesilo,,,24/09/2026 13:43
85b903b8-9942-4904-8d9b-dd6ab0ca82cb,plumbing.tel,resell,,,high,low,8,"Global Domains International, Inc. DBA DomainCostClub.com",03/02/2009 15:08,22/03/2027 23:59,26/09/2026 08:13
45ff2072-201e-4836-a795-3ddde97766dd,rhymed.tel,premium,10.62,10.62,high,low,6,namesilo,,,09/09/2026 16:51
b987885c-72ac-4409-b800-1e2d53e40d9d,tantrik.tel,premium,10.62,10.62,high,low,7,namesilo,,,11/09/2026 08:07
58b8c14c-b25f-42ef-843d-633ec84517e1,topmost.tel,premium,10.62,10.62,medium,low,7,namesilo,,,11/09/2026 17:46
4ebbbe53-5d26-4714-93e2-1cac75922015,bedlam.tel,available,10.98,15.98,medium,low,6,namecheap,,,22/09/2026 23:22
db8e2065-9c05-47ab-923b-365946b97482,firmament.tel,available,10.98,15.98,high,low,9,namecheap,,,16/08/2026 20:58
34e88173-891b-4462-bc4a-8a170fa54654,faintly.tel,premium,10.62,10.62,medium,low,7,namesilo,,,14/09/2026 17:33
b059e5ce-6269-4bcd-b968-f8a47637b8a8,leech.tel,available,10.99,10.99,medium,low,5,name.com,,,24/09/2026 06:16
5a0433dd-bc7a-4d65-b8d5-0e54ae9527f1,neglect.tel,available,10.79,10.79,high,low,7,namesilo,,,
c784e1ab-f819-416f-b053-7425145d2f48,aquaphobia.tel,available,10.98,15.98,medium,low,10,namecheap,,,19/09/2026 22:59
39a828e4-e045-4939-ba49-5bd955c4871a,legitimate.tel,premium,10.62,10.62,high,low,10,namesilo,,,22/08/2026 23:04
282658eb-1dbd-4356-aafb-250f3b2a1534,indulgent.tel,premium,10.62,10.62,high,low,9,namesilo,,,22/08/2026 03:33
1a7f7819-f9a4-446f-b8a4-e9d9656a4c07,difficult.tel,premium,10.62,10.62,high,low,9,namesilo,,,24/09/2026 08:14
458d5d7f-7695-47f8-97aa-5a4cb31fb565,bathe.tel,available,10.79,10.79,high,low,5,namesilo,,,
dd9bbfe4-8edb-4cd5-89e8-77832a907195,etc.tel,premium,610.5,,high,low,3,name.com,,,
aaae18d5-7e67-4a51-94ce-294b666c7ccc,bombproof.tel,available,10.98,15.98,high,low,9,namecheap,,,10/08/2026 18:09
34a36d24-db0a-4336-b2cd-f17c7783516a,durer.tel,premium,10.62,10.62,high,low,5,namesilo,,,18/09/2026 03:18
91a1c726-40af-41db-bb5e-7cb364dc683b,roiling.tel,available,10.98,15.98,medium,low,7,namecheap,,,09/09/2026 18:16
2d62d1a6-096b-48af-af8a-3d4f3baaa1ea,treasonous.tel,available,10.98,15.98,medium,low,10,namecheap,,,17/08/2026 21:20
5576a8fe-d0c6-4d4d-93c0-a2620c3446ea,aroused.tel,premium,10.62,10.62,high,low,7,namesilo,,,
c42844c1-8dcb-406d-814a-f28815b1af2f,voter.tel,available,10.79,10.79,high,low,5,namesilo,,,
606ef9c8-e522-48ea-8da0-679ec8995e7b,angas.tel,premium,10.62,10.62,medium,low,5,namesilo,,,19/09/2026 05:46
22c47904-529d-4262-8949-70cf0ff56d22,sewed.tel,premium,10.62,10.62,medium,low,5,namesilo,,,10/09/2026 05:05
552e0fcf-736e-4fbe-85ed-41fb06a28402,collarless.tel,premium,10.62,10.62,medium,low,10,namesilo,,,12/08/2026 16:40
ac291038-2a6c-4a47-8d0c-fec7f6b6b833,asmara.tel,premium,10.62,10.62,medium,low,6,namesilo,,,20/09/2026 14:27
215dac75-d082-4da3-88d3-cb5b0b789f6b,sympathetic.tel,available,10.79,10.79,high,low,11,namesilo,,,
5b65b7ea-15ba-4ad1-9563-eb79f9af02d8,zymoid.tel,premium,10.62,10.62,medium,low,6,namesilo,,,13/09/2026 15:55
e92b2f08-8c5b-4ec1-a28e-1896561757f8,septuple.tel,premium,10.62,10.62,medium,low,8,namesilo,,,10/09/2026 04:23